group_type,model,dataset,lambda_label,group_value,n_steps,prediction_diff_rate_vs_lambda1,answer_change_rate,avg_final_logprob_delta_vs_lambda1,avg_logprob_change_delta_vs_lambda1,avg_specificity_drift_delta_vs_lambda1,avg_target_new_cot_overlap_delta_vs_lambda1
phase,LLaMA-3-3B,openbook,0.0,early,79,0,0.379746835443038,-1.4113924050632911,-1.4113924050632911,0.189873417721519,-0.029522784810126584
phase,LLaMA-3-3B,openbook,0.0,late,90,0,0.24444444444444444,-0.5083333333333333,-0.5083333333333333,0.13333333333333333,-0.013775555555555557
phase,LLaMA-3-3B,openbook,0.0,middle,63,0,0.30158730158730157,-0.6785714285714286,-0.6785714285714286,0.1746031746031746,-0.01353015873015873
phase,LLaMA-3-3B,openbook,0.1,early,79,0.012658227848101266,0.3924050632911392,-1.2341772151898733,-1.2341772151898733,0.189873417721519,-0.02589873417721519
phase,LLaMA-3-3B,openbook,0.1,late,90,0.011111111111111112,0.24444444444444444,-0.48333333333333334,-0.48333333333333334,0.044444444444444446,-0.012306666666666667
phase,LLaMA-3-3B,openbook,0.1,middle,63,0,0.30158730158730157,-0.6587301587301587,-0.6587301587301587,0.19047619047619047,-0.009980952380952382
phase,LLaMA-3-3B,openbook,0.3,early,79,0.012658227848101266,0.3924050632911392,-1.018987341772152,-1.018987341772152,0.189873417721519,-0.02350759493670886
phase,LLaMA-3-3B,openbook,0.3,late,90,0,0.24444444444444444,-0.41388888888888886,-0.41388888888888886,0.03333333333333333,-0.003080000000000002
phase,LLaMA-3-3B,openbook,0.3,middle,63,0,0.30158730158730157,-0.44841269841269843,-0.44841269841269843,0.19047619047619047,0.004514285714285715
phase,LLaMA-3-3B,openbook,1.0,early,79,0,0.379746835443038,0.0,0.0,0,0.0
phase,LLaMA-3-3B,openbook,1.0,late,90,0,0.24444444444444444,0.0,0.0,0,0.0
phase,LLaMA-3-3B,openbook,1.0,middle,63,0,0.30158730158730157,0.0,0.0,0,0.0
phase,LLaMA-3-3B,openbook,10.0,early,79,0.02531645569620253,0.3670886075949367,7.151898734177215,7.151898734177215,-0.3291139240506329,-0.0063999999999999994
phase,LLaMA-3-3B,openbook,10.0,late,90,0.03333333333333333,0.23333333333333334,3.3833333333333333,3.3833333333333333,-0.16666666666666666,0.007714444444444445
phase,LLaMA-3-3B,openbook,10.0,middle,63,0.047619047619047616,0.31746031746031744,5.416666666666667,5.416666666666667,-0.14285714285714285,0.0346031746031746
phase,LLaMA-3-3B,openbook,3.0,early,79,0.012658227848101266,0.3670886075949367,2.278481012658228,2.278481012658228,-0.12658227848101267,-0.008084810126582279
phase,LLaMA-3-3B,openbook,3.0,late,90,0.022222222222222223,0.24444444444444444,0.8277777777777777,0.8277777777777777,-0.044444444444444446,-0.006953333333333334
phase,LLaMA-3-3B,openbook,3.0,middle,63,0.015873015873015872,0.2857142857142857,1.5714285714285714,1.5714285714285714,-0.07936507936507936,0.016501587301587302
phase,LLaMA-3-3B,sqa,0.0,early,58,0.05172413793103448,0.22413793103448276,-0.5258620689655172,-0.5258620689655172,0.05172413793103448,0.004715517241379312
phase,LLaMA-3-3B,sqa,0.0,late,86,0.011627906976744186,0.313953488372093,-0.24709302325581395,-0.24709302325581395,0,-0.0022883720930232552
phase,LLaMA-3-3B,sqa,0.0,middle,66,0,0.25757575757575757,-0.6818181818181818,-0.6818181818181818,0,0.017277272727272728
phase,LLaMA-3-3B,sqa,0.1,early,58,0.034482758620689655,0.20689655172413793,-0.3793103448275862,-0.3793103448275862,0.08620689655172414,0.004624137931034484
phase,LLaMA-3-3B,sqa,0.1,late,86,0,0.3023255813953488,-0.25290697674418605,-0.25290697674418605,0,-0.0002523255813953487
phase,LLaMA-3-3B,sqa,0.1,middle,66,0.015151515151515152,0.2727272727272727,-0.4090909090909091,-0.4090909090909091,0.045454545454545456,-0.003968181818181818
phase,LLaMA-3-3B,sqa,0.3,early,58,0.034482758620689655,0.20689655172413793,-0.27586206896551724,-0.27586206896551724,0.017241379310344827,0.02408793103448276
phase,LLaMA-3-3B,sqa,0.3,late,86,0.011627906976744186,0.313953488372093,-0.18895348837209303,-0.18895348837209303,-0.011627906976744186,-0.006802325581395348
phase,LLaMA-3-3B,sqa,0.3,middle,66,0,0.25757575757575757,-0.4166666666666667,-0.4166666666666667,-0.06060606060606061,0.010440909090909091
phase,LLaMA-3-3B,sqa,1.0,early,58,0,0.20689655172413793,0.0,0.0,0,0.0
phase,LLaMA-3-3B,sqa,1.0,late,86,0,0.3023255813953488,0.0,0.0,0,0.0
phase,LLaMA-3-3B,sqa,1.0,middle,66,0,0.25757575757575757,0.0,0.0,0,0.0
phase,LLaMA-3-3B,sqa,10.0,early,58,0.06896551724137931,0.1724137931034483,5.258620689655173,5.258620689655173,0.15517241379310345,0.0028120689655172417
phase,LLaMA-3-3B,sqa,10.0,late,86,0,0.3023255813953488,4.017441860465116,4.017441860465116,0.023255813953488372,-0.021969767441860466
phase,LLaMA-3-3B,sqa,10.0,middle,66,0.015151515151515152,0.24242424242424243,5.234848484848484,5.234848484848484,-0.015151515151515152,-0.013615151515151514
phase,LLaMA-3-3B,sqa,3.0,early,58,0.017241379310344827,0.1896551724137931,1.3793103448275863,1.3793103448275863,0.034482758620689655,0.014906896551724138
phase,LLaMA-3-3B,sqa,3.0,late,86,0,0.3023255813953488,0.9534883720930233,0.9534883720930233,0.011627906976744186,0.0030744186046511622
phase,LLaMA-3-3B,sqa,3.0,middle,66,0,0.25757575757575757,1.356060606060606,1.356060606060606,-0.045454545454545456,0.009528787878787878
phase,Phi-3,openbook,0.0,early,46,0,0.10869565217391304,-8.244565217391305,-8.244565217391305,0.10869565217391304,7.826086956521692e-05
phase,Phi-3,openbook,0.0,late,73,0.0410958904109589,0.1917808219178082,-8.215753424657533,-8.215753424657533,0.1095890410958904,0.004698630136986302
phase,Phi-3,openbook,0.0,middle,52,0,0.17307692307692307,-9.298076923076923,-9.298076923076923,0.09615384615384616,0.019575
phase,Phi-3,openbook,0.0,single,1,0,1,-1.5,-1.5,0,-0.1429
phase,Phi-3,openbook,0.1,early,46,0,0.10869565217391304,-5.429347826086956,-5.429347826086956,0.021739130434782608,0.0018869565217391308
phase,Phi-3,openbook,0.1,late,73,0.0273972602739726,0.1780821917808219,-5.671232876712328,-5.671232876712328,0.0684931506849315,-0.0008178082191780823
phase,Phi-3,openbook,0.1,middle,52,0,0.17307692307692307,-6.471153846153846,-6.471153846153846,0.11538461538461539,-0.012738461538461539
phase,Phi-3,openbook,0.1,single,1,0,1,-1.5,-1.5,0,-0.1429
phase,Phi-3,openbook,0.3,early,46,0,0.10869565217391304,-3.1847826086956523,-3.1847826086956523,-0.043478260869565216,-0.011104347826086958
phase,Phi-3,openbook,0.3,late,73,0.0136986301369863,0.1643835616438356,-3.308219178082192,-3.308219178082192,0,0.002289041095890412
phase,Phi-3,openbook,0.3,middle,52,0,0.17307692307692307,-3.831730769230769,-3.831730769230769,0.038461538461538464,0.008207692307692306
phase,Phi-3,openbook,0.3,single,1,0,1,-0.5,-0.5,0,-0.0714
phase,Phi-3,openbook,1.0,early,46,0,0.10869565217391304,0.0,0.0,0,0.0
phase,Phi-3,openbook,1.0,late,73,0,0.1506849315068493,0.0,0.0,0,0.0
phase,Phi-3,openbook,1.0,middle,52,0,0.17307692307692307,0.0,0.0,0,0.0
phase,Phi-3,openbook,1.0,single,1,0,1,0.0,0.0,0,0.0
phase,Phi-3,openbook,10.0,early,46,0,0.10869565217391304,5.603260869565218,5.603260869565218,-0.021739130434782608,-0.011147826086956521
phase,Phi-3,openbook,10.0,late,73,0.0273972602739726,0.1780821917808219,5.890410958904109,5.890410958904109,0.0410958904109589,-0.0058630136986301375
phase,Phi-3,openbook,10.0,middle,52,0,0.17307692307692307,5.6826923076923075,5.6826923076923075,-0.1346153846153846,0.011757692307692306
phase,Phi-3,openbook,10.0,single,1,0,1,1.0,1.0,-1,0.0
phase,Phi-3,openbook,3.0,early,46,0,0.10869565217391304,2.9239130434782608,2.9239130434782608,-0.10869565217391304,-0.015856521739130436
phase,Phi-3,openbook,3.0,late,73,0.0273972602739726,0.1780821917808219,3.3972602739726026,3.3972602739726026,-0.0273972602739726,-0.019517808219178083
phase,Phi-3,openbook,3.0,middle,52,0,0.17307692307692307,2.9615384615384617,2.9615384615384617,-0.1346153846153846,0.00125
phase,Phi-3,openbook,3.0,single,1,0,1,1.0,1.0,-1,-0.0357
phase,Phi-3,sqa,0.0,early,46,0.021739130434782608,0.043478260869565216,-1.5326086956521738,-1.5326086956521738,0.021739130434782608,0.015717391304347825
phase,Phi-3,sqa,0.0,late,69,0.014492753623188406,0.10144927536231885,-1.108695652173913,-1.108695652173913,0.15942028985507245,-0.013315942028985507
phase,Phi-3,sqa,0.0,middle,54,0.018518518518518517,0.12962962962962962,-1.1064814814814814,-1.1064814814814814,0.09259259259259259,-0.01420925925925926
phase,Phi-3,sqa,0.0,single,1,0,0,0.0,0.0,0,0.0
phase,Phi-3,sqa,0.1,early,46,0.021739130434782608,0.043478260869565216,-1.4782608695652173,-1.4782608695652173,0.043478260869565216,-0.002786956521739133
phase,Phi-3,sqa,0.1,late,69,0,0.08695652173913043,-1.0217391304347827,-1.0217391304347827,0.10144927536231885,-0.014684057971014493
phase,Phi-3,sqa,0.1,middle,54,0,0.14814814814814814,-1.0949074074074074,-1.0949074074074074,0.018518518518518517,-0.003916666666666666
phase,Phi-3,sqa,0.1,single,1,0,0,-0.125,-0.125,0,0.0
phase,Phi-3,sqa,0.3,early,46,0.021739130434782608,0.08695652173913043,-0.8586956521739131,-0.8586956521739131,0,0.022865217391304347
phase,Phi-3,sqa,0.3,late,69,0.014492753623188406,0.10144927536231885,-0.7192028985507246,-0.7192028985507246,0.10144927536231885,0.008533333333333332
phase,Phi-3,sqa,0.3,middle,54,0.018518518518518517,0.12962962962962962,-0.9143518518518519,-0.9143518518518519,0.07407407407407407,0.01111111111111111
phase,Phi-3,sqa,0.3,single,1,0,0,0.5,0.5,0,0.0
phase,Phi-3,sqa,1.0,early,46,0,0.06521739130434782,0.0,0.0,0,0.0
phase,Phi-3,sqa,1.0,late,69,0,0.08695652173913043,0.0,0.0,0,0.0
phase,Phi-3,sqa,1.0,middle,54,0,0.14814814814814814,0.0,0.0,0,0.0
phase,Phi-3,sqa,1.0,single,1,0,0,0.0,0.0,0,0.0
phase,Phi-3,sqa,10.0,early,46,0.021739130434782608,0.08695652173913043,1.6141304347826086,1.6141304347826086,-0.10869565217391304,-0.03170217391304348
phase,Phi-3,sqa,10.0,late,69,0,0.08695652173913043,1.0271739130434783,1.0271739130434783,-0.08695652173913043,0.025553623188405795
phase,Phi-3,sqa,10.0,middle,54,0,0.14814814814814814,1.0925925925925926,1.0925925925925926,0,-0.013144444444444445
phase,Phi-3,sqa,10.0,single,1,0,0,1.125,1.125,0,0.0
phase,Phi-3,sqa,3.0,early,46,0.021739130434782608,0.08695652173913043,0.8804347826086957,0.8804347826086957,-0.08695652173913043,0.018663043478260866
phase,Phi-3,sqa,3.0,late,69,0,0.08695652173913043,0.5760869565217391,0.5760869565217391,0,0.005355072463768115
phase,Phi-3,sqa,3.0,middle,54,0,0.14814814814814814,0.7592592592592593,0.7592592592592593,0,0.0017574074074074074
phase,Phi-3,sqa,3.0,single,1,0,0,1.0,1.0,0,0.0
step_idx,LLaMA-3-3B,openbook,0.0,0,34,0,0.38235294117647056,-1.7205882352941178,-1.7205882352941178,0.14705882352941177,-0.005676470588235296
step_idx,LLaMA-3-3B,openbook,0.0,1,40,0,0.35,-1.0875,-1.0875,0.125,-0.0264475
step_idx,LLaMA-3-3B,openbook,0.0,10,3,0,0,-0.5,-0.5,0.3333333333333333,0.01893333333333333
step_idx,LLaMA-3-3B,openbook,0.0,11,6,0,0.3333333333333333,-0.16666666666666666,-0.16666666666666666,0.16666666666666666,-0.0119
step_idx,LLaMA-3-3B,openbook,0.0,12,1,0,0,-0.25,-0.25,0,0.0
step_idx,LLaMA-3-3B,openbook,0.0,13,3,0,0.3333333333333333,-0.3333333333333333,-0.3333333333333333,0,0.05556666666666666
step_idx,LLaMA-3-3B,openbook,0.0,14,3,0,0.3333333333333333,-0.5833333333333334,-0.5833333333333334,0,-0.04763333333333333
step_idx,LLaMA-3-3B,openbook,0.0,15,1,0,1,0.0,0.0,0,0.0
step_idx,LLaMA-3-3B,openbook,0.0,2,34,0,0.29411764705882354,-0.7352941176470589,-0.7352941176470589,0.14705882352941177,-0.034079411764705886
step_idx,LLaMA-3-3B,openbook,0.0,3,34,0,0.2647058823529412,-0.5147058823529411,-0.5147058823529411,0.17647058823529413,-0.050079411764705886
step_idx,LLaMA-3-3B,openbook,0.0,4,22,0,0.2727272727272727,-0.7159090909090909,-0.7159090909090909,0.22727272727272727,0.003609090909090909
step_idx,LLaMA-3-3B,openbook,0.0,5,19,0,0.42105263157894735,-0.21052631578947367,-0.21052631578947367,0.10526315789473684,0.008831578947368421
step_idx,LLaMA-3-3B,openbook,0.0,6,9,0,0.1111111111111111,-1.6944444444444444,-1.6944444444444444,0.3333333333333333,-0.04912222222222222
step_idx,LLaMA-3-3B,openbook,0.0,7,14,0,0.2857142857142857,-0.7142857142857143,-0.7142857142857143,0.21428571428571427,-0.004807142857142859
step_idx,LLaMA-3-3B,openbook,0.0,8,3,0,0,0.0,0.0,0,0.017333333333333336
step_idx,LLaMA-3-3B,openbook,0.0,9,6,0,0.16666666666666666,-0.8333333333333334,-0.8333333333333334,0.3333333333333333,-0.018533333333333332
step_idx,LLaMA-3-3B,openbook,0.1,0,34,0.029411764705882353,0.4117647058823529,-1.5294117647058822,-1.5294117647058822,0.17647058823529413,-0.016570588235294118
step_idx,LLaMA-3-3B,openbook,0.1,1,40,0,0.35,-0.9625,-0.9625,0.15,-0.0184875
step_idx,LLaMA-3-3B,openbook,0.1,10,3,0,0,0.16666666666666666,0.16666666666666666,0,-0.10226666666666666
step_idx,LLaMA-3-3B,openbook,0.1,11,6,0,0.3333333333333333,-0.16666666666666666,-0.16666666666666666,0,0.016666666666666666
step_idx,LLaMA-3-3B,openbook,0.1,12,1,0,0,-0.5,-0.5,0,0.0
step_idx,LLaMA-3-3B,openbook,0.1,13,3,0,0.3333333333333333,-0.3333333333333333,-0.3333333333333333,0,0.0
step_idx,LLaMA-3-3B,openbook,0.1,14,3,0,0.3333333333333333,-0.6666666666666666,-0.6666666666666666,0,0.0
step_idx,LLaMA-3-3B,openbook,0.1,15,1,0,1,-0.25,-0.25,0,0.0
step_idx,LLaMA-3-3B,openbook,0.1,2,34,0,0.29411764705882354,-0.8088235294117647,-0.8088235294117647,0.11764705882352941,-0.03663529411764706
step_idx,LLaMA-3-3B,openbook,0.1,3,34,0,0.2647058823529412,-0.5514705882352942,-0.5514705882352942,0.11764705882352941,-0.044888235294117645
step_idx,LLaMA-3-3B,openbook,0.1,4,22,0,0.2727272727272727,-0.32954545454545453,-0.32954545454545453,0.2727272727272727,-0.005768181818181818
step_idx,LLaMA-3-3B,openbook,0.1,5,19,0.05263157894736842,0.42105263157894735,-0.3157894736842105,-0.3157894736842105,0,0.02468421052631579
step_idx,LLaMA-3-3B,openbook,0.1,6,9,0,0.1111111111111111,-1.4722222222222223,-1.4722222222222223,0.2222222222222222,0.016588888888888886
step_idx,LLaMA-3-3B,openbook,0.1,7,14,0,0.2857142857142857,-0.6428571428571429,-0.6428571428571429,0.07142857142857142,0.015228571428571428
step_idx,LLaMA-3-3B,openbook,0.1,8,3,0,0,0.0,0.0,0,-0.012966666666666663
step_idx,LLaMA-3-3B,openbook,0.1,9,6,0,0.16666666666666666,-1.0,-1.0,0.3333333333333333,-0.02776666666666667
step_idx,LLaMA-3-3B,openbook,0.3,0,34,0.029411764705882353,0.4117647058823529,-1.2647058823529411,-1.2647058823529411,0.17647058823529413,-0.026235294117647058
step_idx,LLaMA-3-3B,openbook,0.3,1,40,0,0.35,-0.7375,-0.7375,0.125,-0.004885
step_idx,LLaMA-3-3B,openbook,0.3,10,3,0,0,-0.3333333333333333,-0.3333333333333333,0,-0.0909
step_idx,LLaMA-3-3B,openbook,0.3,11,6,0,0.3333333333333333,-0.16666666666666666,-0.16666666666666666,0,-0.03333333333333333
step_idx,LLaMA-3-3B,openbook,0.3,12,1,0,0,-0.5,-0.5,0,-0.0667
step_idx,LLaMA-3-3B,openbook,0.3,13,3,0,0.3333333333333333,-0.3333333333333333,-0.3333333333333333,0,0.06839999999999999
step_idx,LLaMA-3-3B,openbook,0.3,14,3,0,0.3333333333333333,-0.8333333333333334,-0.8333333333333334,0,-0.018533333333333332
step_idx,LLaMA-3-3B,openbook,0.3,15,1,0,1,-0.25,-0.25,0,0.0
step_idx,LLaMA-3-3B,openbook,0.3,2,34,0,0.29411764705882354,-0.5220588235294118,-0.5220588235294118,0.14705882352941177,-0.005823529411764707
step_idx,LLaMA-3-3B,openbook,0.3,3,34,0,0.2647058823529412,-0.3161764705882353,-0.3161764705882353,0.17647058823529413,-0.04187941176470588
step_idx,LLaMA-3-3B,openbook,0.3,4,22,0,0.2727272727272727,-0.5454545454545454,-0.5454545454545454,0.13636363636363635,-0.02354090909090909
step_idx,LLaMA-3-3B,openbook,0.3,5,19,0,0.42105263157894735,-0.18421052631578946,-0.18421052631578946,0,0.0593
step_idx,LLaMA-3-3B,openbook,0.3,6,9,0,0.1111111111111111,-1.0277777777777777,-1.0277777777777777,0.2222222222222222,0.012311111111111108
step_idx,LLaMA-3-3B,openbook,0.3,7,14,0,0.2857142857142857,-0.5714285714285714,-0.5714285714285714,0.07142857142857142,0.024214285714285712
step_idx,LLaMA-3-3B,openbook,0.3,8,3,0,0,-0.5,-0.5,0,0.04763333333333333
step_idx,LLaMA-3-3B,openbook,0.3,9,6,0,0.16666666666666666,-0.75,-0.75,0.3333333333333333,0.007949999999999997
step_idx,LLaMA-3-3B,openbook,1.0,0,34,0,0.38235294117647056,0.0,0.0,0,0.0
step_idx,LLaMA-3-3B,openbook,1.0,1,40,0,0.35,0.0,0.0,0,0.0
step_idx,LLaMA-3-3B,openbook,1.0,10,3,0,0,0.0,0.0,0,0.0
step_idx,LLaMA-3-3B,openbook,1.0,11,6,0,0.3333333333333333,0.0,0.0,0,0.0
step_idx,LLaMA-3-3B,openbook,1.0,12,1,0,0,0.0,0.0,0,0.0
step_idx,LLaMA-3-3B,openbook,1.0,13,3,0,0.3333333333333333,0.0,0.0,0,0.0
step_idx,LLaMA-3-3B,openbook,1.0,14,3,0,0.3333333333333333,0.0,0.0,0,0.0
step_idx,LLaMA-3-3B,openbook,1.0,15,1,0,1,0.0,0.0,0,0.0
step_idx,LLaMA-3-3B,openbook,1.0,2,34,0,0.29411764705882354,0.0,0.0,0,0.0
step_idx,LLaMA-3-3B,openbook,1.0,3,34,0,0.2647058823529412,0.0,0.0,0,0.0
step_idx,LLaMA-3-3B,openbook,1.0,4,22,0,0.2727272727272727,0.0,0.0,0,0.0
step_idx,LLaMA-3-3B,openbook,1.0,5,19,0,0.42105263157894735,0.0,0.0,0,0.0
step_idx,LLaMA-3-3B,openbook,1.0,6,9,0,0.1111111111111111,0.0,0.0,0,0.0
step_idx,LLaMA-3-3B,openbook,1.0,7,14,0,0.2857142857142857,0.0,0.0,0,0.0
step_idx,LLaMA-3-3B,openbook,1.0,8,3,0,0,0.0,0.0,0,0.0
step_idx,LLaMA-3-3B,openbook,1.0,9,6,0,0.16666666666666666,0.0,0.0,0,0.0
step_idx,LLaMA-3-3B,openbook,10.0,0,34,0,0.38235294117647056,6.852941176470588,6.852941176470588,-0.35294117647058826,-0.020373529411764707
step_idx,LLaMA-3-3B,openbook,10.0,1,40,0.05,0.325,7.475,7.475,-0.3,-0.00744
step_idx,LLaMA-3-3B,openbook,10.0,10,3,0,0,2.6666666666666665,2.6666666666666665,0,-0.04356666666666667
step_idx,LLaMA-3-3B,openbook,10.0,11,6,0,0.3333333333333333,3.1666666666666665,3.1666666666666665,-0.16666666666666666,0.012700000000000001
step_idx,LLaMA-3-3B,openbook,10.0,12,1,0,0,-0.25,-0.25,-1,0.0667
step_idx,LLaMA-3-3B,openbook,10.0,13,3,0,0.3333333333333333,2.6666666666666665,2.6666666666666665,0,-0.0276
step_idx,LLaMA-3-3B,openbook,10.0,14,3,0,0.3333333333333333,2.75,2.75,0,0.010599999999999998
step_idx,LLaMA-3-3B,openbook,10.0,15,1,0,1,0.0,0.0,0,0.0
step_idx,LLaMA-3-3B,openbook,10.0,2,34,0.029411764705882353,0.3235294117647059,5.875,5.875,-0.14705882352941177,0.04565588235294118
step_idx,LLaMA-3-3B,openbook,10.0,3,34,0.029411764705882353,0.23529411764705882,3.926470588235294,3.926470588235294,-0.20588235294117646,-0.0019647058823529413
step_idx,LLaMA-3-3B,openbook,10.0,4,22,0,0.2727272727272727,4.7272727272727275,4.7272727272727275,-0.18181818181818182,-0.009454545454545453
step_idx,LLaMA-3-3B,openbook,10.0,5,19,0.15789473684210525,0.3684210526315789,3.9210526315789473,3.9210526315789473,-0.15789473684210525,0.08572105263157895
step_idx,LLaMA-3-3B,openbook,10.0,6,9,0,0.1111111111111111,4.222222222222222,4.222222222222222,-0.4444444444444444,0.04407777777777778
step_idx,LLaMA-3-3B,openbook,10.0,7,14,0,0.2857142857142857,3.642857142857143,3.642857142857143,-0.07142857142857142,0.005599999999999999
step_idx,LLaMA-3-3B,openbook,10.0,8,3,0,0,2.3333333333333335,2.3333333333333335,0.3333333333333333,0.03463333333333334
step_idx,LLaMA-3-3B,openbook,10.0,9,6,0.16666666666666666,0.3333333333333333,4.666666666666667,4.666666666666667,-0.16666666666666666,-0.014566666666666667
step_idx,LLaMA-3-3B,openbook,3.0,0,34,0,0.38235294117647056,2.2794117647058822,2.2794117647058822,-0.08823529411764706,-0.01796764705882353
step_idx,LLaMA-3-3B,openbook,3.0,1,40,0.025,0.325,2.3,2.3,-0.175,-0.0051975
step_idx,LLaMA-3-3B,openbook,3.0,10,3,0,0,0.5,0.5,0,0.060599999999999994
step_idx,LLaMA-3-3B,openbook,3.0,11,6,0,0.3333333333333333,1.0,1.0,0,0.024616666666666665
step_idx,LLaMA-3-3B,openbook,3.0,12,1,0,0,-0.5,-0.5,0,0.0
step_idx,LLaMA-3-3B,openbook,3.0,13,3,0,0.3333333333333333,0.0,0.0,0,0.014933333333333333
step_idx,LLaMA-3-3B,openbook,3.0,14,3,0,0.3333333333333333,0.6666666666666666,0.6666666666666666,0,0.04763333333333333
step_idx,LLaMA-3-3B,openbook,3.0,15,1,0,1,0.0,0.0,0,0.0
step_idx,LLaMA-3-3B,openbook,3.0,2,34,0,0.29411764705882354,1.8088235294117647,1.8088235294117647,-0.029411764705882353,0.004788235294117645
step_idx,LLaMA-3-3B,openbook,3.0,3,34,0.029411764705882353,0.23529411764705882,0.8529411764705882,0.8529411764705882,-0.029411764705882353,0.004461764705882354
step_idx,LLaMA-3-3B,openbook,3.0,4,22,0,0.2727272727272727,1.3863636363636365,1.3863636363636365,-0.09090909090909091,-0.04735
step_idx,LLaMA-3-3B,openbook,3.0,5,19,0.10526315789473684,0.42105263157894735,1.105263157894737,1.105263157894737,-0.15789473684210525,0.044468421052631574
step_idx,LLaMA-3-3B,openbook,3.0,6,9,0,0.1111111111111111,1.3333333333333333,1.3333333333333333,0,0.0558
step_idx,LLaMA-3-3B,openbook,3.0,7,14,0,0.2857142857142857,0.8928571428571429,0.8928571428571429,-0.07142857142857142,-0.050757142857142855
step_idx,LLaMA-3-3B,openbook,3.0,8,3,0,0,0.5,0.5,0,0.010833333333333334
step_idx,LLaMA-3-3B,openbook,3.0,9,6,0,0.16666666666666666,1.1666666666666667,1.1666666666666667,-0.16666666666666666,0.022483333333333327
step_idx,LLaMA-3-3B,sqa,0.0,0,8,0.125,0.125,-1.4375,-1.4375,0.125,-0.038787499999999996
step_idx,LLaMA-3-3B,sqa,0.0,1,40,0.025,0.175,-0.3875,-0.3875,0.05,0.0128725
step_idx,LLaMA-3-3B,sqa,0.0,10,3,0,0,-0.16666666666666666,-0.16666666666666666,0,0.014499999999999999
step_idx,LLaMA-3-3B,sqa,0.0,11,10,0,0.2,0.05,0.05,-0.1,0.023030000000000002
step_idx,LLaMA-3-3B,sqa,0.0,13,7,0,0.42857142857142855,-0.14285714285714285,-0.14285714285714285,-0.14285714285714285,0.011242857142857145
step_idx,LLaMA-3-3B,sqa,0.0,15,3,0,0.3333333333333333,-0.16666666666666666,-0.16666666666666666,0,-0.15943333333333334
step_idx,LLaMA-3-3B,sqa,0.0,17,2,0,0,-0.75,-0.75,0,0.12905
step_idx,LLaMA-3-3B,sqa,0.0,19,1,0,0,0.5,0.5,1,0.0
step_idx,LLaMA-3-3B,sqa,0.0,2,14,0.07142857142857142,0.42857142857142855,-0.9285714285714286,-0.9285714285714286,0,0.038835714285714286
step_idx,LLaMA-3-3B,sqa,0.0,3,32,0,0.3125,-0.734375,-0.734375,0.03125,-0.0037218750000000004
step_idx,LLaMA-3-3B,sqa,0.0,4,10,0,0.3,-0.5,-0.5,0,0.01872
step_idx,LLaMA-3-3B,sqa,0.0,5,31,0.03225806451612903,0.45161290322580644,-0.27419354838709675,-0.27419354838709675,-0.12903225806451613,0.008861290322580645
step_idx,LLaMA-3-3B,sqa,0.0,6,5,0,0,-0.3,-0.3,0,-0.013800000000000002
step_idx,LLaMA-3-3B,sqa,0.0,7,26,0,0.2692307692307692,-0.23076923076923078,-0.23076923076923078,0,-0.01686153846153846
step_idx,LLaMA-3-3B,sqa,0.0,8,4,0,0.25,-0.375,-0.375,0.25,0.0167
step_idx,LLaMA-3-3B,sqa,0.0,9,14,0,0.14285714285714285,-0.5892857142857143,-0.5892857142857143,0.21428571428571427,0.031014285714285713
step_idx,LLaMA-3-3B,sqa,0.1,0,8,0.125,0.125,-1.375,-1.375,0.125,-0.0113625
step_idx,LLaMA-3-3B,sqa,0.1,1,40,0.025,0.175,-0.4,-0.4,0.1,0.016442500000000002
step_idx,LLaMA-3-3B,sqa,0.1,10,3,0,0,0.0,0.0,0,0.014499999999999999
step_idx,LLaMA-3-3B,sqa,0.1,11,10,0,0.2,0.0,0.0,0,0.038720000000000004
step_idx,LLaMA-3-3B,sqa,0.1,13,7,0,0.42857142857142855,-0.14285714285714285,-0.14285714285714285,-0.2857142857142857,0.0044285714285714275
step_idx,LLaMA-3-3B,sqa,0.1,15,3,0,0.3333333333333333,-0.16666666666666666,-0.16666666666666666,0,-0.057966666666666666
step_idx,LLaMA-3-3B,sqa,0.1,17,2,0,0,-1.0,-1.0,0,0.09675
step_idx,LLaMA-3-3B,sqa,0.1,19,1,0,0,0.5,0.5,1,0.0
step_idx,LLaMA-3-3B,sqa,0.1,2,14,0,0.35714285714285715,-0.8571428571428571,-0.8571428571428571,0.07142857142857142,-0.0041
step_idx,LLaMA-3-3B,sqa,0.1,3,32,0.03125,0.34375,-0.3515625,-0.3515625,0.0625,-0.02549375
step_idx,LLaMA-3-3B,sqa,0.1,4,10,0,0.3,-0.4,-0.4,0.1,-0.0027099999999999984
step_idx,LLaMA-3-3B,sqa,0.1,5,31,0,0.41935483870967744,-0.11290322580645161,-0.11290322580645161,-0.12903225806451613,-0.014293548387096773
step_idx,LLaMA-3-3B,sqa,0.1,6,5,0,0,-0.3,-0.3,0,0.02228
step_idx,LLaMA-3-3B,sqa,0.1,7,26,0,0.2692307692307692,-0.057692307692307696,-0.057692307692307696,0,-0.0035153846153846147
step_idx,LLaMA-3-3B,sqa,0.1,8,4,0,0.25,-0.625,-0.625,0.25,0.0
step_idx,LLaMA-3-3B,sqa,0.1,9,14,0,0.14285714285714285,-0.32142857142857145,-0.32142857142857145,0.21428571428571427,0.01856428571428571
step_idx,LLaMA-3-3B,sqa,0.3,0,8,0.125,0.125,-1.25,-1.25,0.125,-0.0113625
step_idx,LLaMA-3-3B,sqa,0.3,1,40,0.025,0.175,-0.25,-0.25,0,0.042185
step_idx,LLaMA-3-3B,sqa,0.3,10,3,0,0,-0.5,-0.5,0,-0.016666666666666666
step_idx,LLaMA-3-3B,sqa,0.3,11,10,0,0.2,-0.15,-0.15,0,0.0007099999999999995
step_idx,LLaMA-3-3B,sqa,0.3,13,7,0,0.42857142857142855,0.0,0.0,-0.14285714285714285,0.0188
step_idx,LLaMA-3-3B,sqa,0.3,15,3,0,0.3333333333333333,0.3333333333333333,0.3333333333333333,0,-0.040433333333333335
step_idx,LLaMA-3-3B,sqa,0.3,17,2,0,0,-0.75,-0.75,0,-0.017750000000000002
step_idx,LLaMA-3-3B,sqa,0.3,19,1,0,0,0.5,0.5,0,0.0
step_idx,LLaMA-3-3B,sqa,0.3,2,14,0,0.35714285714285715,-0.7857142857142857,-0.7857142857142857,0.07142857142857142,0.030542857142857142
step_idx,LLaMA-3-3B,sqa,0.3,3,32,0,0.3125,-0.28125,-0.28125,-0.09375,-0.005084375
step_idx,LLaMA-3-3B,sqa,0.3,4,10,0,0.3,-0.4,-0.4,0,0.004430000000000002
step_idx,LLaMA-3-3B,sqa,0.3,5,31,0.03225806451612903,0.45161290322580644,-0.1774193548387097,-0.1774193548387097,-0.12903225806451613,-0.015254838709677419
step_idx,LLaMA-3-3B,sqa,0.3,6,5,0,0,-0.1,-0.1,0,0.02228
step_idx,LLaMA-3-3B,sqa,0.3,7,26,0,0.2692307692307692,0.019230769230769232,0.019230769230769232,0,-0.007315384615384616
step_idx,LLaMA-3-3B,sqa,0.3,8,4,0,0.25,-0.5,-0.5,0,-0.009625
step_idx,LLaMA-3-3B,sqa,0.3,9,14,0,0.14285714285714285,-0.375,-0.375,0.14285714285714285,0.018128571428571428
step_idx,LLaMA-3-3B,sqa,1.0,0,8,0,0.25,0.0,0.0,0,0.0
step_idx,LLaMA-3-3B,sqa,1.0,1,40,0,0.15,0.0,0.0,0,0.0
step_idx,LLaMA-3-3B,sqa,1.0,10,3,0,0,0.0,0.0,0,0.0
step_idx,LLaMA-3-3B,sqa,1.0,11,10,0,0.2,0.0,0.0,0,0.0
step_idx,LLaMA-3-3B,sqa,1.0,13,7,0,0.42857142857142855,0.0,0.0,0,0.0
step_idx,LLaMA-3-3B,sqa,1.0,15,3,0,0.3333333333333333,0.0,0.0,0,0.0
step_idx,LLaMA-3-3B,sqa,1.0,17,2,0,0,0.0,0.0,0,0.0
step_idx,LLaMA-3-3B,sqa,1.0,19,1,0,0,0.0,0.0,0,0.0
step_idx,LLaMA-3-3B,sqa,1.0,2,14,0,0.35714285714285715,0.0,0.0,0,0.0
step_idx,LLaMA-3-3B,sqa,1.0,3,32,0,0.3125,0.0,0.0,0,0.0
step_idx,LLaMA-3-3B,sqa,1.0,4,10,0,0.3,0.0,0.0,0,0.0
step_idx,LLaMA-3-3B,sqa,1.0,5,31,0,0.41935483870967744,0.0,0.0,0,0.0
step_idx,LLaMA-3-3B,sqa,1.0,6,5,0,0,0.0,0.0,0,0.0
step_idx,LLaMA-3-3B,sqa,1.0,7,26,0,0.2692307692307692,0.0,0.0,0,0.0
step_idx,LLaMA-3-3B,sqa,1.0,8,4,0,0.25,0.0,0.0,0,0.0
step_idx,LLaMA-3-3B,sqa,1.0,9,14,0,0.14285714285714285,0.0,0.0,0,0.0
step_idx,LLaMA-3-3B,sqa,10.0,0,8,0.125,0.125,7.0,7.0,0,-0.02615
step_idx,LLaMA-3-3B,sqa,10.0,1,40,0.05,0.15,5.3625,5.3625,0.15,0.01675
step_idx,LLaMA-3-3B,sqa,10.0,10,3,0,0,2.8333333333333335,2.8333333333333335,0,0.10236666666666666
step_idx,LLaMA-3-3B,sqa,10.0,11,10,0,0.2,2.95,2.95,0,0.08517
step_idx,LLaMA-3-3B,sqa,10.0,13,7,0,0.42857142857142855,5.071428571428571,5.071428571428571,0,-0.06249999999999999
step_idx,LLaMA-3-3B,sqa,10.0,15,3,0,0.3333333333333333,4.666666666666667,4.666666666666667,-0.6666666666666666,0.05086666666666667
step_idx,LLaMA-3-3B,sqa,10.0,17,2,0,0,6.5,6.5,0.5,0.0156
step_idx,LLaMA-3-3B,sqa,10.0,19,1,0,0,2.0,2.0,0,-0.04
step_idx,LLaMA-3-3B,sqa,10.0,2,14,0,0.35714285714285715,6.5,6.5,0,0.03995714285714286
step_idx,LLaMA-3-3B,sqa,10.0,3,32,0.03125,0.28125,4.7421875,4.7421875,0.25,-0.02371875
step_idx,LLaMA-3-3B,sqa,10.0,4,10,0,0.3,6.3,6.3,0.2,-0.03188
step_idx,LLaMA-3-3B,sqa,10.0,5,31,0.03225806451612903,0.3870967741935484,4.209677419354839,4.209677419354839,-0.12903225806451613,-0.06464193548387097
step_idx,LLaMA-3-3B,sqa,10.0,6,5,0,0,4.4,4.4,0,0.06386
step_idx,LLaMA-3-3B,sqa,10.0,7,26,0,0.2692307692307692,3.6153846153846154,3.6153846153846154,-0.11538461538461539,-0.01861923076923077
step_idx,LLaMA-3-3B,sqa,10.0,8,4,0,0.25,4.0,4.0,-0.25,-0.08655
step_idx,LLaMA-3-3B,sqa,10.0,9,14,0,0.14285714285714285,3.9107142857142856,3.9107142857142856,0.21428571428571427,-0.06553571428571428
step_idx,LLaMA-3-3B,sqa,3.0,0,8,0.125,0.125,2.25,2.25,0,-0.0376875
step_idx,LLaMA-3-3B,sqa,3.0,1,40,0,0.15,1.4125,1.4125,0.025,0.030165
step_idx,LLaMA-3-3B,sqa,3.0,10,3,0,0,0.6666666666666666,0.6666666666666666,0,0.08593333333333333
step_idx,LLaMA-3-3B,sqa,3.0,11,10,0,0.2,0.9,0.9,0,0.012879999999999999
step_idx,LLaMA-3-3B,sqa,3.0,13,7,0,0.42857142857142855,1.5714285714285714,1.5714285714285714,0,-0.007414285714285712
step_idx,LLaMA-3-3B,sqa,3.0,15,3,0,0.3333333333333333,0.8333333333333334,0.8333333333333334,-0.6666666666666666,0.014499999999999999
step_idx,LLaMA-3-3B,sqa,3.0,17,2,0,0,1.25,1.25,0.5,-0.0489
step_idx,LLaMA-3-3B,sqa,3.0,19,1,0,0,0.0,0.0,0,0.08
step_idx,LLaMA-3-3B,sqa,3.0,2,14,0,0.35714285714285715,1.6071428571428572,1.6071428571428572,-0.14285714285714285,0.03352857142857143
step_idx,LLaMA-3-3B,sqa,3.0,3,32,0,0.3125,1.1171875,1.1171875,0.0625,-0.012865625
step_idx,LLaMA-3-3B,sqa,3.0,4,10,0,0.3,1.55,1.55,0.3,-0.032869999999999996
step_idx,LLaMA-3-3B,sqa,3.0,5,31,0,0.41935483870967744,0.9193548387096774,0.9193548387096774,-0.0967741935483871,-0.01916774193548387
step_idx,LLaMA-3-3B,sqa,3.0,6,5,0,0,1.2,1.2,0,0.06386
step_idx,LLaMA-3-3B,sqa,3.0,7,26,0,0.2692307692307692,0.8076923076923077,0.8076923076923077,-0.038461538461538464,0.030096153846153845
step_idx,LLaMA-3-3B,sqa,3.0,8,4,0,0.25,1.0,1.0,0.25,-0.08655
step_idx,LLaMA-3-3B,sqa,3.0,9,14,0,0.14285714285714285,1.1964285714285714,1.1964285714285714,0,0.043
step_idx,Phi-3,openbook,0.0,0,4,0,0.25,-1.875,-1.875,0.25,0.051775
step_idx,Phi-3,openbook,0.0,1,39,0,0.1282051282051282,-7.75,-7.75,0.1282051282051282,0.002930769230769229
step_idx,Phi-3,openbook,0.0,10,2,0,0,-6.0,-6.0,0,0.09375
step_idx,Phi-3,openbook,0.0,11,8,0,0.125,-8.875,-8.875,0.125,-0.049437499999999995
step_idx,Phi-3,openbook,0.0,12,2,0,0,-13.25,-13.25,0,0.2
step_idx,Phi-3,openbook,0.0,13,4,0,0.25,-5.0625,-5.0625,0.5,0.034574999999999995
step_idx,Phi-3,openbook,0.0,14,1,0,1,-7.0,-7.0,1,0.0
step_idx,Phi-3,openbook,0.0,15,1,0,0,-7.0,-7.0,1,-0.0588
step_idx,Phi-3,openbook,0.0,2,1,0,1,-4.5,-4.5,0,0.0
step_idx,Phi-3,openbook,0.0,3,36,0,0.16666666666666666,-10.458333333333334,-10.458333333333334,0.05555555555555555,0.022125
step_idx,Phi-3,openbook,0.0,5,33,0.030303030303030304,0.18181818181818182,-9.18939393939394,-9.18939393939394,0.15151515151515152,0.0016272727272727272
step_idx,Phi-3,openbook,0.0,6,2,0,0,-8.0,-8.0,0,-0.19165000000000001
step_idx,Phi-3,openbook,0.0,7,23,0.043478260869565216,0.13043478260869565,-7.695652173913044,-7.695652173913044,0.08695652173913043,-0.03555652173913044
step_idx,Phi-3,openbook,0.0,8,2,0,0,-4.125,-4.125,0,0.0
step_idx,Phi-3,openbook,0.0,9,14,0.07142857142857142,0.2857142857142857,-8.928571428571429,-8.928571428571429,-0.14285714285714285,0.06997142857142857
step_idx,Phi-3,openbook,0.1,0,4,0,0.25,-1.5625,-1.5625,0,-0.035725
step_idx,Phi-3,openbook,0.1,1,39,0,0.1282051282051282,-5.166666666666667,-5.166666666666667,0.05128205128205128,0.015105128205128205
step_idx,Phi-3,openbook,0.1,10,2,0,0,-3.25,-3.25,0,0.21875
step_idx,Phi-3,openbook,0.1,11,8,0,0.125,-6.25,-6.25,0,0.020399999999999998
step_idx,Phi-3,openbook,0.1,12,2,0,0,-7.75,-7.75,0,0.2
step_idx,Phi-3,openbook,0.1,13,4,0,0.25,-3.9375,-3.9375,0.25,-0.073375
step_idx,Phi-3,openbook,0.1,14,1,0,1,-5.0,-5.0,1,0.0
step_idx,Phi-3,openbook,0.1,15,1,0,0,-5.5,-5.5,1,0.1765
step_idx,Phi-3,openbook,0.1,2,1,0,1,-4.5,-4.5,0,0.0
step_idx,Phi-3,openbook,0.1,3,36,0,0.16666666666666666,-6.902777777777778,-6.902777777777778,0.027777777777777776,-0.028975
step_idx,Phi-3,openbook,0.1,5,33,0.030303030303030304,0.18181818181818182,-6.348484848484849,-6.348484848484849,0.21212121212121213,-0.0013515151515151515
step_idx,Phi-3,openbook,0.1,6,2,0,0,-6.25,-6.25,0,-0.19165000000000001
step_idx,Phi-3,openbook,0.1,7,23,0.043478260869565216,0.13043478260869565,-5.478260869565218,-5.478260869565218,0.043478260869565216,-0.062469565217391304
step_idx,Phi-3,openbook,0.1,8,2,0,0,-2.375,-2.375,0,0.0
step_idx,Phi-3,openbook,0.1,9,14,0,0.21428571428571427,-6.428571428571429,-6.428571428571429,-0.14285714285714285,0.05712142857142857
step_idx,Phi-3,openbook,0.3,0,4,0,0.25,-0.5625,-0.5625,0,-0.033475000000000005
step_idx,Phi-3,openbook,0.3,1,39,0,0.1282051282051282,-2.9294871794871793,-2.9294871794871793,-0.02564102564102564,-0.002205128205128206
step_idx,Phi-3,openbook,0.3,10,2,0,0,-2.0,-2.0,0,0.09375
step_idx,Phi-3,openbook,0.3,11,8,0,0.125,-3.34375,-3.34375,-0.125,-0.056775
step_idx,Phi-3,openbook,0.3,12,2,0,0,-5.75,-5.75,0,0.2
step_idx,Phi-3,openbook,0.3,13,4,0,0.25,-2.1875,-2.1875,0.25,-0.11172499999999999
step_idx,Phi-3,openbook,0.3,14,1,0,1,-1.5,-1.5,0,0.0
step_idx,Phi-3,openbook,0.3,15,1,0,0,-4.5,-4.5,0,0.1176
step_idx,Phi-3,openbook,0.3,2,1,0,1,-1.5,-1.5,0,0.0
step_idx,Phi-3,openbook,0.3,3,36,0,0.16666666666666666,-4.277777777777778,-4.277777777777778,-0.027777777777777776,0.030083333333333333
step_idx,Phi-3,openbook,0.3,5,33,0,0.15151515151515152,-3.8333333333333335,-3.8333333333333335,0.030303030303030304,-0.010493939393939394
step_idx,Phi-3,openbook,0.3,6,2,0,0,-2.5,-2.5,0,-0.29165
step_idx,Phi-3,openbook,0.3,7,23,0.043478260869565216,0.13043478260869565,-3.152173913043478,-3.152173913043478,0.08695652173913043,-0.03941739130434783
step_idx,Phi-3,openbook,0.3,8,2,0,0,-1.875,-1.875,0,0.0
step_idx,Phi-3,openbook,0.3,9,14,0,0.21428571428571427,-3.642857142857143,-3.642857142857143,-0.07142857142857142,0.08434285714285715
step_idx,Phi-3,openbook,1.0,0,4,0,0.25,0.0,0.0,0,0.0
step_idx,Phi-3,openbook,1.0,1,39,0,0.1282051282051282,0.0,0.0,0,0.0
step_idx,Phi-3,openbook,1.0,10,2,0,0,0.0,0.0,0,0.0
step_idx,Phi-3,openbook,1.0,11,8,0,0.125,0.0,0.0,0,0.0
step_idx,Phi-3,openbook,1.0,12,2,0,0,0.0,0.0,0,0.0
step_idx,Phi-3,openbook,1.0,13,4,0,0.25,0.0,0.0,0,0.0
step_idx,Phi-3,openbook,1.0,14,1,0,1,0.0,0.0,0,0.0
step_idx,Phi-3,openbook,1.0,15,1,0,0,0.0,0.0,0,0.0
step_idx,Phi-3,openbook,1.0,2,1,0,1,0.0,0.0,0,0.0
step_idx,Phi-3,openbook,1.0,3,36,0,0.16666666666666666,0.0,0.0,0,0.0
step_idx,Phi-3,openbook,1.0,5,33,0,0.15151515151515152,0.0,0.0,0,0.0
step_idx,Phi-3,openbook,1.0,6,2,0,0,0.0,0.0,0,0.0
step_idx,Phi-3,openbook,1.0,7,23,0,0.08695652173913043,0.0,0.0,0,0.0
step_idx,Phi-3,openbook,1.0,8,2,0,0,0.0,0.0,0,0.0
step_idx,Phi-3,openbook,1.0,9,14,0,0.21428571428571427,0.0,0.0,0,0.0
step_idx,Phi-3,openbook,10.0,0,4,0,0.25,0.5625,0.5625,0,-0.028125
step_idx,Phi-3,openbook,10.0,1,39,0,0.1282051282051282,4.788461538461538,4.788461538461538,-0.05128205128205128,0.008471794871794872
step_idx,Phi-3,openbook,10.0,10,2,0,0,7.25,7.25,-0.5,0.21875
step_idx,Phi-3,openbook,10.0,11,8,0,0.125,6.8125,6.8125,-0.25,-0.1038375
step_idx,Phi-3,openbook,10.0,12,2,0,0,12.75,12.75,-0.5,0.0
step_idx,Phi-3,openbook,10.0,13,4,0,0.25,2.1875,2.1875,-0.25,-0.11172499999999999
step_idx,Phi-3,openbook,10.0,14,1,0,1,9.5,9.5,0,0.1429
step_idx,Phi-3,openbook,10.0,15,1,0,0,5.0,5.0,0,-0.0588
step_idx,Phi-3,openbook,10.0,2,1,0,1,-1.0,-1.0,0,0.0
step_idx,Phi-3,openbook,10.0,3,36,0,0.16666666666666666,7.090277777777778,7.090277777777778,-0.1388888888888889,-0.007730555555555557
step_idx,Phi-3,openbook,10.0,5,33,0,0.15151515151515152,6.03030303030303,6.03030303030303,0.09090909090909091,-0.008172727272727274
step_idx,Phi-3,openbook,10.0,6,2,0,0,3.125,3.125,0,-0.16665
step_idx,Phi-3,openbook,10.0,7,23,0.043478260869565216,0.13043478260869565,5.739130434782608,5.739130434782608,0.17391304347826086,0.00508260869565217
step_idx,Phi-3,openbook,10.0,8,2,0,0,3.125,3.125,0,0.05
step_idx,Phi-3,openbook,10.0,9,14,0.07142857142857142,0.2857142857142857,5.696428571428571,5.696428571428571,-0.07142857142857142,0.06236428571428572
step_idx,Phi-3,openbook,3.0,0,4,0,0.25,0.375,0.375,-0.25,0.05045
step_idx,Phi-3,openbook,3.0,1,39,0,0.1282051282051282,2.4551282051282053,2.4551282051282053,-0.1282051282051282,-0.018653846153846153
step_idx,Phi-3,openbook,3.0,10,2,0,0,5.25,5.25,0,0.052099999999999994
step_idx,Phi-3,openbook,3.0,11,8,0,0.125,3.6875,3.6875,-0.375,-0.09635
step_idx,Phi-3,openbook,3.0,12,2,0,0,8.25,8.25,0,0.0
step_idx,Phi-3,openbook,3.0,13,4,0,0.25,1.25,1.25,-0.25,-0.174225
step_idx,Phi-3,openbook,3.0,14,1,0,1,6.0,6.0,1,0.1429
step_idx,Phi-3,openbook,3.0,15,1,0,0,2.0,2.0,0,0.0
step_idx,Phi-3,openbook,3.0,2,1,0,1,-1.5,-1.5,0,0.0
step_idx,Phi-3,openbook,3.0,3,36,0,0.16666666666666666,3.6944444444444446,3.6944444444444446,-0.1388888888888889,-0.007772222222222223
step_idx,Phi-3,openbook,3.0,5,33,0,0.15151515151515152,3.3181818181818183,3.3181818181818183,0,0.00623030303030303
step_idx,Phi-3,openbook,3.0,6,2,0,0,0.5,0.5,0,-0.16665
step_idx,Phi-3,openbook,3.0,7,23,0.043478260869565216,0.13043478260869565,3.5760869565217392,3.5760869565217392,0.043478260869565216,-0.007030434782608697
step_idx,Phi-3,openbook,3.0,8,2,0,0,2.5,2.5,-0.5,-0.0625
step_idx,Phi-3,openbook,3.0,9,14,0.07142857142857142,0.2857142857142857,2.9642857142857144,2.9642857142857144,-0.07142857142857142,0.022542857142857146
step_idx,Phi-3,sqa,0.0,0,1,0,0,0.0,0.0,0,0.0
step_idx,Phi-3,sqa,0.0,1,39,0,0.02564102564102564,-1.564102564102564,-1.564102564102564,0.07692307692307693,0.013635897435897434
step_idx,Phi-3,sqa,0.0,10,1,0,0,0.0,0.0,0,0.0
step_idx,Phi-3,sqa,0.0,11,7,0,0.14285714285714285,-1.1071428571428572,-1.1071428571428572,0.14285714285714285,-0.02005714285714286
step_idx,Phi-3,sqa,0.0,12,1,0,0,-1.5,-1.5,0,0.1667
step_idx,Phi-3,sqa,0.0,13,2,0,0,-0.5,-0.5,0.5,0.0032499999999999994
step_idx,Phi-3,sqa,0.0,14,1,0,0,-1.0,-1.0,0,-0.25
step_idx,Phi-3,sqa,0.0,15,1,0,0,-1.0,-1.0,0,-0.0833
step_idx,Phi-3,sqa,0.0,16,1,0,0,-0.75,-0.75,0,0.0833
step_idx,Phi-3,sqa,0.0,3,38,0.02631578947368421,0.15789473684210525,-1.3223684210526316,-1.3223684210526316,0.07894736842105263,-0.018828947368421053
step_idx,Phi-3,sqa,0.0,5,37,0.02702702702702703,0.10810810810810811,-1.1418918918918919,-1.1418918918918919,0.10810810810810811,-0.009843243243243243
step_idx,Phi-3,sqa,0.0,7,27,0.037037037037037035,0.14814814814814814,-1.0092592592592593,-1.0092592592592593,0.1111111111111111,-0.0044444444444444444
step_idx,Phi-3,sqa,0.0,8,1,0,0,0.0,0.0,0,-0.0714
step_idx,Phi-3,sqa,0.0,9,13,0,0,-1.0,-1.0,0.15384615384615385,-0.0005076923076923084
step_idx,Phi-3,sqa,0.1,0,1,0,0,-0.125,-0.125,0,0.0
step_idx,Phi-3,sqa,0.1,1,39,0,0.02564102564102564,-1.5993589743589745,-1.5993589743589745,0.10256410256410256,-0.005897435897435899
step_idx,Phi-3,sqa,0.1,10,1,0,0,-2.0,-2.0,0,-0.0588
step_idx,Phi-3,sqa,0.1,11,7,0,0.14285714285714285,-1.1785714285714286,-1.1785714285714286,0.14285714285714285,-0.031
step_idx,Phi-3,sqa,0.1,12,1,0,0,0.0,0.0,0,0.25
step_idx,Phi-3,sqa,0.1,13,2,0,0,-0.375,-0.375,0.5,-0.040249999999999994
step_idx,Phi-3,sqa,0.1,14,1,0,0,-1.0,-1.0,0,-0.25
step_idx,Phi-3,sqa,0.1,15,1,0,0,-1.5,-1.5,0,-0.0833
step_idx,Phi-3,sqa,0.1,16,1,0,0,-0.75,-0.75,0,0.0833
step_idx,Phi-3,sqa,0.1,3,38,0.02631578947368421,0.15789473684210525,-1.0592105263157894,-1.0592105263157894,0,-0.004963157894736842
step_idx,Phi-3,sqa,0.1,5,37,0,0.08108108108108109,-1.0472972972972974,-1.0472972972972974,0.02702702702702703,-0.006151351351351353
step_idx,Phi-3,sqa,0.1,7,27,0,0.18518518518518517,-0.9814814814814815,-0.9814814814814815,0.1111111111111111,-0.025133333333333334
step_idx,Phi-3,sqa,0.1,8,1,0,0,0.0,0.0,0,-0.0714
step_idx,Phi-3,sqa,0.1,9,13,0,0,-1.1923076923076923,-1.1923076923076923,0,0.030738461538461534
step_idx,Phi-3,sqa,0.3,0,1,0,0,0.5,0.5,0,0.0
step_idx,Phi-3,sqa,0.3,1,39,0.02564102564102564,0.05128205128205128,-1.060897435897436,-1.060897435897436,0.05128205128205128,0.01641282051282051
step_idx,Phi-3,sqa,0.3,10,1,0,0,-2.0,-2.0,0,-0.0588
step_idx,Phi-3,sqa,0.3,11,7,0,0.14285714285714285,-0.8928571428571429,-0.8928571428571429,0.14285714285714285,-0.03027142857142857
step_idx,Phi-3,sqa,0.3,12,1,0,0,0.5,0.5,0,0.0
step_idx,Phi-3,sqa,0.3,13,2,0,0,-0.875,-0.875,0.5,0.024999999999999998
step_idx,Phi-3,sqa,0.3,14,1,0,0,-1.0,-1.0,0,0.0
step_idx,Phi-3,sqa,0.3,15,1,0,0,-1.0,-1.0,0,-0.0417
step_idx,Phi-3,sqa,0.3,16,1,0,0,-1.0,-1.0,0,0.0833
step_idx,Phi-3,sqa,0.3,3,38,0,0.18421052631578946,-0.7763157894736842,-0.7763157894736842,0.05263157894736842,0.012744736842105262
step_idx,Phi-3,sqa,0.3,5,37,0.02702702702702703,0.10810810810810811,-0.6486486486486487,-0.6486486486486487,0,0.030545945945945945
step_idx,Phi-3,sqa,0.3,7,27,0.037037037037037035,0.14814814814814814,-0.6990740740740741,-0.6990740740740741,0.1111111111111111,-0.005485185185185186
step_idx,Phi-3,sqa,0.3,8,1,0,0,0.0,0.0,0,-0.0714
step_idx,Phi-3,sqa,0.3,9,13,0,0,-0.9423076923076923,-0.9423076923076923,0.15384615384615385,0.029584615384615383
step_idx,Phi-3,sqa,1.0,0,1,0,0,0.0,0.0,0,0.0
step_idx,Phi-3,sqa,1.0,1,39,0,0.02564102564102564,0.0,0.0,0,0.0
step_idx,Phi-3,sqa,1.0,10,1,0,0,0.0,0.0,0,0.0
step_idx,Phi-3,sqa,1.0,11,7,0,0.14285714285714285,0.0,0.0,0,0.0
step_idx,Phi-3,sqa,1.0,12,1,0,0,0.0,0.0,0,0.0
step_idx,Phi-3,sqa,1.0,13,2,0,0,0.0,0.0,0,0.0
step_idx,Phi-3,sqa,1.0,14,1,0,0,0.0,0.0,0,0.0
step_idx,Phi-3,sqa,1.0,15,1,0,0,0.0,0.0,0,0.0
step_idx,Phi-3,sqa,1.0,16,1,0,0,0.0,0.0,0,0.0
step_idx,Phi-3,sqa,1.0,3,38,0,0.18421052631578946,0.0,0.0,0,0.0
step_idx,Phi-3,sqa,1.0,5,37,0,0.08108108108108109,0.0,0.0,0,0.0
step_idx,Phi-3,sqa,1.0,7,27,0,0.18518518518518517,0.0,0.0,0,0.0
step_idx,Phi-3,sqa,1.0,8,1,0,0,0.0,0.0,0,0.0
step_idx,Phi-3,sqa,1.0,9,13,0,0,0.0,0.0,0,0.0
step_idx,Phi-3,sqa,10.0,0,1,0,0,1.125,1.125,0,0.0
step_idx,Phi-3,sqa,10.0,1,39,0.02564102564102564,0.05128205128205128,1.705128205128205,1.705128205128205,-0.1282051282051282,-0.030984615384615385
step_idx,Phi-3,sqa,10.0,10,1,0,0,0.0,0.0,0,0.0
step_idx,Phi-3,sqa,10.0,11,7,0,0.14285714285714285,0.6428571428571429,0.6428571428571429,-0.14285714285714285,-0.010114285714285715
step_idx,Phi-3,sqa,10.0,12,1,0,0,1.5,1.5,0,0.0833
step_idx,Phi-3,sqa,10.0,13,2,0,0,1.375,1.375,0.5,-0.0185
step_idx,Phi-3,sqa,10.0,14,1,0,0,1.0,1.0,0,0.0
step_idx,Phi-3,sqa,10.0,15,1,0,0,-0.5,-0.5,0,-0.1667
step_idx,Phi-3,sqa,10.0,16,1,0,0,0.0,0.0,0,0.0833
step_idx,Phi-3,sqa,10.0,3,38,0,0.18421052631578946,1.361842105263158,1.361842105263158,0,-0.015626315789473686
step_idx,Phi-3,sqa,10.0,5,37,0,0.08108108108108109,0.8648648648648649,0.8648648648648649,-0.10810810810810811,0.012975675675675674
step_idx,Phi-3,sqa,10.0,7,27,0,0.18518518518518517,1.1898148148148149,1.1898148148148149,-0.037037037037037035,0.027396296296296297
step_idx,Phi-3,sqa,10.0,8,1,0,0,3.0,3.0,0,0.0714
step_idx,Phi-3,sqa,10.0,9,13,0,0,0.7307692307692307,0.7307692307692307,-0.07692307692307693,0.01646153846153846
step_idx,Phi-3,sqa,3.0,0,1,0,0,1.0,1.0,0,0.0
step_idx,Phi-3,sqa,3.0,1,39,0.02564102564102564,0.05128205128205128,0.8525641025641025,0.8525641025641025,-0.10256410256410256,0.00862051282051282
step_idx,Phi-3,sqa,3.0,10,1,0,0,0.0,0.0,0,0.0
step_idx,Phi-3,sqa,3.0,11,7,0,0.14285714285714285,0.32142857142857145,0.32142857142857145,0.14285714285714285,-0.0008857142857142883
step_idx,Phi-3,sqa,3.0,12,1,0,0,0.5,0.5,0,0.0
step_idx,Phi-3,sqa,3.0,13,2,0,0,0.0,0.0,0,-0.062
step_idx,Phi-3,sqa,3.0,14,1,0,0,1.5,1.5,0,0.0
step_idx,Phi-3,sqa,3.0,15,1,0,0,-0.5,-0.5,0,-0.1667
step_idx,Phi-3,sqa,3.0,16,1,0,0,-0.25,-0.25,0,0.1667
step_idx,Phi-3,sqa,3.0,3,38,0,0.18421052631578946,0.9144736842105263,0.9144736842105263,-0.02631578947368421,0.0022078947368421053
step_idx,Phi-3,sqa,3.0,5,37,0,0.08108108108108109,0.6148648648648649,0.6148648648648649,-0.05405405405405406,0.015899999999999997
step_idx,Phi-3,sqa,3.0,7,27,0,0.18518518518518517,0.6064814814814815,0.6064814814814815,0,0.007285185185185185
step_idx,Phi-3,sqa,3.0,8,1,0,0,3.0,3.0,0,-0.2857
step_idx,Phi-3,sqa,3.0,9,13,0,0,0.5865384615384616,0.5865384615384616,0.15384615384615385,0.04105384615384615
step_tag,LLaMA-3-3B,openbook,0.0,causal,51,0,0.23529411764705882,-0.7990196078431373,-0.7990196078431373,0.09803921568627451,-0.000574509803921569
step_tag,LLaMA-3-3B,openbook,0.0,choice_or_answer,76,0,0.21052631578947367,-0.8289473684210527,-0.8289473684210527,0.07894736842105263,-0.03293026315789474
step_tag,LLaMA-3-3B,openbook,0.0,comparison,2,0,0,-0.25,-0.25,0.5,0.0278
step_tag,LLaMA-3-3B,openbook,0.0,factual_or_definition,187,0,0.31016042780748665,-0.8114973262032086,-0.8114973262032086,0.16042780748663102,-0.010703208556149733
step_tag,LLaMA-3-3B,openbook,0.0,negation_or_elimination,82,0,0.23170731707317074,-0.6951219512195121,-0.6951219512195121,0.15853658536585366,-0.03581707317073171
step_tag,LLaMA-3-3B,openbook,0.0,other,22,0,0.36363636363636365,-1.1136363636363635,-1.1136363636363635,0.045454545454545456,-0.0486
step_tag,LLaMA-3-3B,openbook,0.1,causal,51,0,0.23529411764705882,-0.6078431372549019,-0.6078431372549019,-0.0196078431372549,-0.01532156862745098
step_tag,LLaMA-3-3B,openbook,0.1,choice_or_answer,76,0,0.21052631578947367,-0.7039473684210527,-0.7039473684210527,0.07894736842105263,-0.030925
step_tag,LLaMA-3-3B,openbook,0.1,comparison,2,0,0,-0.25,-0.25,0.5,0.0278
step_tag,LLaMA-3-3B,openbook,0.1,factual_or_definition,187,0.0106951871657754,0.3155080213903743,-0.7419786096256684,-0.7419786096256684,0.12299465240641712,-0.0110524064171123
step_tag,LLaMA-3-3B,openbook,0.1,negation_or_elimination,82,0.012195121951219513,0.23170731707317074,-0.6554878048780488,-0.6554878048780488,0.18292682926829268,-0.02596219512195122
step_tag,LLaMA-3-3B,openbook,0.1,other,22,0,0.36363636363636365,-1.1136363636363635,-1.1136363636363635,0.045454545454545456,-0.016713636363636365
step_tag,LLaMA-3-3B,openbook,0.3,causal,51,0,0.23529411764705882,-0.5637254901960784,-0.5637254901960784,0.058823529411764705,-0.01670392156862745
step_tag,LLaMA-3-3B,openbook,0.3,choice_or_answer,76,0,0.21052631578947367,-0.5789473684210527,-0.5789473684210527,0.07894736842105263,-0.02425263157894737
step_tag,LLaMA-3-3B,openbook,0.3,comparison,2,0,0,0.0,0.0,0.5,0.08335
step_tag,LLaMA-3-3B,openbook,0.3,factual_or_definition,187,0.0053475935828877,0.3155080213903743,-0.6016042780748663,-0.6016042780748663,0.11764705882352941,-0.00047272727272727375
step_tag,LLaMA-3-3B,openbook,0.3,negation_or_elimination,82,0,0.23170731707317074,-0.5030487804878049,-0.5030487804878049,0.12195121951219512,-0.013385365853658538
step_tag,LLaMA-3-3B,openbook,0.3,other,22,0,0.36363636363636365,-0.8181818181818182,-0.8181818181818182,0.045454545454545456,-0.02113181818181818
step_tag,LLaMA-3-3B,openbook,1.0,causal,51,0,0.23529411764705882,0.0,0.0,0,0.0
step_tag,LLaMA-3-3B,openbook,1.0,choice_or_answer,76,0,0.21052631578947367,0.0,0.0,0,0.0
step_tag,LLaMA-3-3B,openbook,1.0,comparison,2,0,0,0.0,0.0,0,0.0
step_tag,LLaMA-3-3B,openbook,1.0,factual_or_definition,187,0,0.31016042780748665,0.0,0.0,0,0.0
step_tag,LLaMA-3-3B,openbook,1.0,negation_or_elimination,82,0,0.23170731707317074,0.0,0.0,0,0.0
step_tag,LLaMA-3-3B,openbook,1.0,other,22,0,0.36363636363636365,0.0,0.0,0,0.0
step_tag,LLaMA-3-3B,openbook,10.0,causal,51,0.0392156862745098,0.23529411764705882,4.117647058823529,4.117647058823529,-0.13725490196078433,0.01834313725490196
step_tag,LLaMA-3-3B,openbook,10.0,choice_or_answer,76,0.013157894736842105,0.19736842105263158,4.595394736842105,4.595394736842105,-0.23684210526315788,0.008140789473684212
step_tag,LLaMA-3-3B,openbook,10.0,comparison,2,0,0,6.0,6.0,-0.5,0.0278
step_tag,LLaMA-3-3B,openbook,10.0,factual_or_definition,187,0.0374331550802139,0.2994652406417112,5.175133689839572,5.175133689839572,-0.19786096256684493,0.018541711229946523
step_tag,LLaMA-3-3B,openbook,10.0,negation_or_elimination,82,0.024390243902439025,0.23170731707317074,4.713414634146342,4.713414634146342,-0.0975609756097561,0.02151341463414634
step_tag,LLaMA-3-3B,openbook,10.0,other,22,0,0.36363636363636365,5.818181818181818,5.818181818181818,-0.4090909090909091,-0.0005409090909090925
step_tag,LLaMA-3-3B,openbook,3.0,causal,51,0.0392156862745098,0.23529411764705882,1.0049019607843137,1.0049019607843137,0,-0.02925294117647059
step_tag,LLaMA-3-3B,openbook,3.0,choice_or_answer,76,0.013157894736842105,0.19736842105263158,1.4078947368421053,1.4078947368421053,-0.039473684210526314,-0.019835526315789474
step_tag,LLaMA-3-3B,openbook,3.0,comparison,2,0,0,1.75,1.75,0,0.0
step_tag,LLaMA-3-3B,openbook,3.0,factual_or_definition,187,0.0213903743315508,0.2994652406417112,1.5,1.5,-0.08021390374331551,0.005311229946524064
step_tag,LLaMA-3-3B,openbook,3.0,negation_or_elimination,82,0.012195121951219513,0.21951219512195122,1.2804878048780488,1.2804878048780488,-0.012195121951219513,0.021435365853658538
step_tag,LLaMA-3-3B,openbook,3.0,other,22,0,0.36363636363636365,1.6818181818181819,1.6818181818181819,-0.13636363636363635,-0.00415909090909091
step_tag,LLaMA-3-3B,sqa,0.0,causal,26,0.038461538461538464,0.34615384615384615,-0.5,-0.5,0.07692307692307693,0.012365384615384617
step_tag,LLaMA-3-3B,sqa,0.0,choice_or_answer,15,0,0.13333333333333333,-0.6166666666666667,-0.6166666666666667,0.06666666666666667,-0.044180000000000004
step_tag,LLaMA-3-3B,sqa,0.0,comparison,9,0,0.1111111111111111,-0.8888888888888888,-0.8888888888888888,-0.1111111111111111,-0.006566666666666667
step_tag,LLaMA-3-3B,sqa,0.0,factual_or_definition,147,0.013605442176870748,0.2585034013605442,-0.43197278911564624,-0.43197278911564624,0.006802721088435374,0.005319047619047619
step_tag,LLaMA-3-3B,sqa,0.0,negation_or_elimination,59,0.01694915254237288,0.3898305084745763,-0.2923728813559322,-0.2923728813559322,-0.01694915254237288,-0.0015627118644067784
step_tag,LLaMA-3-3B,sqa,0.0,other,39,0.02564102564102564,0.2564102564102564,-0.5256410256410257,-0.5256410256410257,0.05128205128205128,0.003394871794871796
step_tag,LLaMA-3-3B,sqa,0.1,causal,26,0.038461538461538464,0.34615384615384615,-0.36538461538461536,-0.36538461538461536,0.038461538461538464,-0.0011346153846153843
step_tag,LLaMA-3-3B,sqa,0.1,choice_or_answer,15,0,0.13333333333333333,-0.7333333333333333,-0.7333333333333333,0,-0.06254666666666667
step_tag,LLaMA-3-3B,sqa,0.1,comparison,9,0,0.1111111111111111,-0.6111111111111112,-0.6111111111111112,0,-0.0017777777777777785
step_tag,LLaMA-3-3B,sqa,0.1,factual_or_definition,147,0.013605442176870748,0.2585034013605442,-0.32482993197278914,-0.32482993197278914,0.047619047619047616,0.0021040816326530617
step_tag,LLaMA-3-3B,sqa,0.1,negation_or_elimination,59,0,0.3728813559322034,-0.2288135593220339,-0.2288135593220339,-0.01694915254237288,-0.0038898305084745757
step_tag,LLaMA-3-3B,sqa,0.1,other,39,0,0.23076923076923078,-0.3717948717948718,-0.3717948717948718,0.02564102564102564,0.0003769230769230774
step_tag,LLaMA-3-3B,sqa,0.3,causal,26,0.038461538461538464,0.34615384615384615,-0.33653846153846156,-0.33653846153846156,0.07692307692307693,-0.006642307692307692
step_tag,LLaMA-3-3B,sqa,0.3,choice_or_answer,15,0,0.13333333333333333,-0.5833333333333334,-0.5833333333333334,0.06666666666666667,-0.08372
step_tag,LLaMA-3-3B,sqa,0.3,comparison,9,0,0.1111111111111111,-0.3888888888888889,-0.3888888888888889,0,-0.057777777777777775
step_tag,LLaMA-3-3B,sqa,0.3,factual_or_definition,147,0.013605442176870748,0.2585034013605442,-0.28401360544217685,-0.28401360544217685,-0.02040816326530612,0.002320408163265306
step_tag,LLaMA-3-3B,sqa,0.3,negation_or_elimination,59,0.01694915254237288,0.3898305084745763,-0.2033898305084746,-0.2033898305084746,-0.03389830508474576,-0.002910169491525423
step_tag,LLaMA-3-3B,sqa,0.3,other,39,0,0.23076923076923078,-0.3333333333333333,-0.3333333333333333,-0.02564102564102564,0.02131025641025641
step_tag,LLaMA-3-3B,sqa,1.0,causal,26,0,0.3076923076923077,0.0,0.0,0,0.0
step_tag,LLaMA-3-3B,sqa,1.0,choice_or_answer,15,0,0.13333333333333333,0.0,0.0,0,0.0
step_tag,LLaMA-3-3B,sqa,1.0,comparison,9,0,0.1111111111111111,0.0,0.0,0,0.0
step_tag,LLaMA-3-3B,sqa,1.0,factual_or_definition,147,0,0.2585034013605442,0.0,0.0,0,0.0
step_tag,LLaMA-3-3B,sqa,1.0,negation_or_elimination,59,0,0.3728813559322034,0.0,0.0,0,0.0
step_tag,LLaMA-3-3B,sqa,1.0,other,39,0,0.23076923076923078,0.0,0.0,0,0.0
step_tag,LLaMA-3-3B,sqa,10.0,causal,26,0.038461538461538464,0.2692307692307692,4.028846153846154,4.028846153846154,0.2692307692307692,-0.0726
step_tag,LLaMA-3-3B,sqa,10.0,choice_or_answer,15,0,0.13333333333333333,3.7333333333333334,3.7333333333333334,0.2,-0.10369333333333333
step_tag,LLaMA-3-3B,sqa,10.0,comparison,9,0,0.1111111111111111,5.388888888888889,5.388888888888889,0,-0.0842
step_tag,LLaMA-3-3B,sqa,10.0,factual_or_definition,147,0.034013605442176874,0.23809523809523808,4.668367346938775,4.668367346938775,0.02040816326530612,-0.014416326530612245
step_tag,LLaMA-3-3B,sqa,10.0,negation_or_elimination,59,0.01694915254237288,0.3559322033898305,4.809322033898305,4.809322033898305,0.01694915254237288,-0.034677966101694914
step_tag,LLaMA-3-3B,sqa,10.0,other,39,0,0.23076923076923078,4.935897435897436,4.935897435897436,0.05128205128205128,0.005133333333333332
step_tag,LLaMA-3-3B,sqa,3.0,causal,26,0,0.3076923076923077,0.9134615384615384,0.9134615384615384,0.11538461538461539,-0.01283076923076923
step_tag,LLaMA-3-3B,sqa,3.0,choice_or_answer,15,0,0.13333333333333333,0.9666666666666667,0.9666666666666667,0.2,-0.021613333333333335
step_tag,LLaMA-3-3B,sqa,3.0,comparison,9,0,0.1111111111111111,1.3333333333333333,1.3333333333333333,0.1111111111111111,-0.05151111111111111
step_tag,LLaMA-3-3B,sqa,3.0,factual_or_definition,147,0.006802721088435374,0.25170068027210885,1.1377551020408163,1.1377551020408163,0,0.008791156462585034
step_tag,LLaMA-3-3B,sqa,3.0,negation_or_elimination,59,0,0.3728813559322034,1.2161016949152543,1.2161016949152543,-0.01694915254237288,-0.0012135593220338982
step_tag,LLaMA-3-3B,sqa,3.0,other,39,0,0.23076923076923078,1.3076923076923077,1.3076923076923077,0,0.01305897435897436
step_tag,Phi-3,openbook,0.0,causal,25,0.04,0.32,-8.23,-8.23,0,0.004272000000000003
step_tag,Phi-3,openbook,0.0,choice_or_answer,42,0.047619047619047616,0.2857142857142857,-7.761904761904762,-7.761904761904762,0.09523809523809523,0.03355238095238095
step_tag,Phi-3,openbook,0.0,comparison,1,0,1,-4.5,-4.5,0,-0.1
step_tag,Phi-3,openbook,0.0,factual_or_definition,131,0.015267175572519083,0.183206106870229,-8.272900763358779,-8.272900763358779,0.09923664122137404,0.01940381679389313
step_tag,Phi-3,openbook,0.0,negation_or_elimination,52,0,0.1346153846153846,-7.975961538461538,-7.975961538461538,0.09615384615384616,0.01288653846153846
step_tag,Phi-3,openbook,0.0,other,34,0.029411764705882353,0.11764705882352941,-8.786764705882353,-8.786764705882353,0.20588235294117646,-0.019102941176470586
step_tag,Phi-3,openbook,0.1,causal,25,0,0.28,-5.66,-5.66,-0.08,0.03468
step_tag,Phi-3,openbook,0.1,choice_or_answer,42,0.023809523809523808,0.2619047619047619,-5.535714285714286,-5.535714285714286,0.07142857142857142,-0.0036690476190476195
step_tag,Phi-3,openbook,0.1,comparison,1,0,1,-3.5,-3.5,0,-0.1
step_tag,Phi-3,openbook,0.1,factual_or_definition,131,0.007633587786259542,0.17557251908396945,-5.729007633587786,-5.729007633587786,0.06870229007633588,-0.0072404580152671755
step_tag,Phi-3,openbook,0.1,negation_or_elimination,52,0,0.1346153846153846,-5.793269230769231,-5.793269230769231,0.07692307692307693,-0.015865384615384618
step_tag,Phi-3,openbook,0.1,other,34,0.029411764705882353,0.11764705882352941,-5.955882352941177,-5.955882352941177,0.14705882352941177,0.008194117647058824
step_tag,Phi-3,openbook,0.3,causal,25,0,0.28,-3.3,-3.3,-0.04,0.017516
step_tag,Phi-3,openbook,0.3,choice_or_answer,42,0.023809523809523808,0.2619047619047619,-3.0535714285714284,-3.0535714285714284,0,0.03478095238095238
step_tag,Phi-3,openbook,0.3,comparison,1,0,1,-2.5,-2.5,0,-0.1
step_tag,Phi-3,openbook,0.3,factual_or_definition,131,0.007633587786259542,0.17557251908396945,-3.377862595419847,-3.377862595419847,0.007633587786259542,-0.002252671755725191
step_tag,Phi-3,openbook,0.3,negation_or_elimination,52,0,0.1346153846153846,-3.0576923076923075,-3.0576923076923075,0.019230769230769232,-0.004234615384615386
step_tag,Phi-3,openbook,0.3,other,34,0,0.08823529411764706,-3.323529411764706,-3.323529411764706,0,0.00806470588235294
step_tag,Phi-3,openbook,1.0,causal,25,0,0.28,0.0,0.0,0,0.0
step_tag,Phi-3,openbook,1.0,choice_or_answer,42,0,0.23809523809523808,0.0,0.0,0,0.0
step_tag,Phi-3,openbook,1.0,comparison,1,0,1,0.0,0.0,0,0.0
step_tag,Phi-3,openbook,1.0,factual_or_definition,131,0,0.16793893129770993,0.0,0.0,0,0.0
step_tag,Phi-3,openbook,1.0,negation_or_elimination,52,0,0.1346153846153846,0.0,0.0,0,0.0
step_tag,Phi-3,openbook,1.0,other,34,0,0.08823529411764706,0.0,0.0,0,0.0
step_tag,Phi-3,openbook,10.0,causal,25,0.04,0.32,6.12,6.12,-0.04,-0.042816
step_tag,Phi-3,openbook,10.0,choice_or_answer,42,0.047619047619047616,0.2857142857142857,4.732142857142857,4.732142857142857,0.09523809523809523,0.02265238095238095
step_tag,Phi-3,openbook,10.0,comparison,1,0,1,-0.5,-0.5,0,-0.1
step_tag,Phi-3,openbook,10.0,factual_or_definition,131,0.015267175572519083,0.183206106870229,5.442748091603053,5.442748091603053,-0.061068702290076333,0.0063809160305343515
step_tag,Phi-3,openbook,10.0,negation_or_elimination,52,0,0.1346153846153846,5.009615384615385,5.009615384615385,0.1346153846153846,-0.02736923076923077
step_tag,Phi-3,openbook,10.0,other,34,0,0.08823529411764706,5.8161764705882355,5.8161764705882355,0.08823529411764706,-0.002900000000000004
step_tag,Phi-3,openbook,3.0,causal,25,0.04,0.32,3.36,3.36,-0.16,-0.007312
step_tag,Phi-3,openbook,3.0,choice_or_answer,42,0.047619047619047616,0.2857142857142857,2.5714285714285716,2.5714285714285716,-0.023809523809523808,-0.006604761904761905
step_tag,Phi-3,openbook,3.0,comparison,1,0,1,-0.5,-0.5,0,0.0
step_tag,Phi-3,openbook,3.0,factual_or_definition,131,0.015267175572519083,0.183206106870229,2.9923664122137406,2.9923664122137406,-0.08396946564885496,-0.007043511450381679
step_tag,Phi-3,openbook,3.0,negation_or_elimination,52,0,0.1346153846153846,2.7211538461538463,2.7211538461538463,0,-0.035919230769230766
step_tag,Phi-3,openbook,3.0,other,34,0,0.08823529411764706,2.963235294117647,2.963235294117647,-0.08823529411764706,-0.012541176470588238
step_tag,Phi-3,sqa,0.0,causal,5,0,0,-1.1,-1.1,0,0.0
step_tag,Phi-3,sqa,0.0,choice_or_answer,2,0,0,-0.375,-0.375,0,0.0
step_tag,Phi-3,sqa,0.0,comparison,4,0,0,-0.4375,-0.4375,0,0.0029749999999999985
step_tag,Phi-3,sqa,0.0,factual_or_definition,99,0.020202020202020204,0.10101010101010101,-1.2222222222222223,-1.2222222222222223,0.10101010101010101,-0.0020444444444444447
step_tag,Phi-3,sqa,0.0,negation_or_elimination,34,0.029411764705882353,0.11764705882352941,-1.2647058823529411,-1.2647058823529411,0.14705882352941177,-0.047038235294117645
step_tag,Phi-3,sqa,0.0,other,54,0.018518518518518517,0.09259259259259259,-1.2731481481481481,-1.2731481481481481,0.12962962962962962,-0.007133333333333334
step_tag,Phi-3,sqa,0.1,causal,5,0,0,-1.05,-1.05,0,0.022619999999999998
step_tag,Phi-3,sqa,0.1,choice_or_answer,2,0,0,-0.5,-0.5,0,0.08335
step_tag,Phi-3,sqa,0.1,comparison,4,0,0,-1.0625,-1.0625,0,-0.011725000000000001
step_tag,Phi-3,sqa,0.1,factual_or_definition,99,0,0.10101010101010101,-1.2133838383838385,-1.2133838383838385,0.06060606060606061,-0.004256565656565657
step_tag,Phi-3,sqa,0.1,negation_or_elimination,34,0,0.14705882352941177,-1.0441176470588236,-1.0441176470588236,0,-0.03422058823529412
step_tag,Phi-3,sqa,0.1,other,54,0.018518518518518517,0.09259259259259259,-1.1550925925925926,-1.1550925925925926,0.07407407407407407,-0.011461111111111111
step_tag,Phi-3,sqa,0.3,causal,5,0,0,-0.95,-0.95,0,-0.014280000000000001
step_tag,Phi-3,sqa,0.3,choice_or_answer,2,0,0,-0.375,-0.375,0,0.0
step_tag,Phi-3,sqa,0.3,comparison,4,0,0,-1.125,-1.125,0,-0.011725000000000001
step_tag,Phi-3,sqa,0.3,factual_or_definition,99,0.030303030303030304,0.1111111111111111,-0.8560606060606061,-0.8560606060606061,0.06060606060606061,0.022169696969696968
step_tag,Phi-3,sqa,0.3,negation_or_elimination,34,0.029411764705882353,0.11764705882352941,-0.7867647058823529,-0.7867647058823529,0.029411764705882353,0.0072882352941176475
step_tag,Phi-3,sqa,0.3,other,54,0,0.1111111111111111,-0.8009259259259259,-0.8009259259259259,0.09259259259259259,-0.008248148148148149
step_tag,Phi-3,sqa,1.0,causal,5,0,0,0.0,0.0,0,0.0
step_tag,Phi-3,sqa,1.0,choice_or_answer,2,0,0,0.0,0.0,0,0.0
step_tag,Phi-3,sqa,1.0,comparison,4,0,0,0.0,0.0,0,0.0
step_tag,Phi-3,sqa,1.0,factual_or_definition,99,0,0.10101010101010101,0.0,0.0,0,0.0
step_tag,Phi-3,sqa,1.0,negation_or_elimination,34,0,0.14705882352941177,0.0,0.0,0,0.0
step_tag,Phi-3,sqa,1.0,other,54,0,0.1111111111111111,0.0,0.0,0,0.0
step_tag,Phi-3,sqa,10.0,causal,5,0,0,0.75,0.75,0,-0.11666
step_tag,Phi-3,sqa,10.0,choice_or_answer,2,0,0,0.25,0.25,0,0.0
step_tag,Phi-3,sqa,10.0,comparison,4,0,0,0.75,0.75,0,0.038675
step_tag,Phi-3,sqa,10.0,factual_or_definition,99,0.010101010101010102,0.1111111111111111,1.2613636363636365,1.2613636363636365,-0.1111111111111111,-0.00638888888888889
step_tag,Phi-3,sqa,10.0,negation_or_elimination,34,0,0.14705882352941177,0.9264705882352942,0.9264705882352942,-0.11764705882352941,0.02061470588235294
step_tag,Phi-3,sqa,10.0,other,54,0,0.1111111111111111,1.1967592592592593,1.1967592592592593,0.037037037037037035,-0.00965925925925926
step_tag,Phi-3,sqa,3.0,causal,5,0,0,1.025,1.025,0,0.014280000000000001
step_tag,Phi-3,sqa,3.0,choice_or_answer,2,0,0,0.5625,0.5625,0,0.0
step_tag,Phi-3,sqa,3.0,comparison,4,0,0,0.5625,0.5625,0,-0.029750000000000006
step_tag,Phi-3,sqa,3.0,factual_or_definition,99,0.010101010101010102,0.1111111111111111,0.6830808080808081,0.6830808080808081,-0.050505050505050504,0.0027212121212121204
step_tag,Phi-3,sqa,3.0,negation_or_elimination,34,0,0.14705882352941177,0.49264705882352944,0.49264705882352944,-0.058823529411764705,-0.016955882352941175
step_tag,Phi-3,sqa,3.0,other,54,0,0.1111111111111111,0.7708333333333334,0.7708333333333334,0.037037037037037035,0.0072055555555555545
