lambda_label,model,dataset,faithfulness,efficacy,specificity,answer_change_rate,delta_faithfulness,delta_efficacy,delta_specificity,delta_answer_change_rate,average_mass_shift,max_mass_shift,n_instances,n_cot_steps,agreeing_instances,changed_instances,filename,path
0.0,LLaMA-3-3B,openbook,62.5,82.34584044741462,89.25862068965517,28.426395939086298,0.0,0.030832951560540778,-1.0431034482758577,0.0,0.1277847407181583,0.16501776908509086,40,232,197,56,npo_KL_sentencize_s=True_lr=3e-05_lambda=0.0_rs=1001_pos=True_ff2=True.out,lambda/results/lambda=0.0/openbook/LLaMA-3-3B/npo_KL_sentencize_s=True_lr=3e-05_lambda=0.0_rs=1001_pos=True_ff2=True.out
0.1,LLaMA-3-3B,openbook,65.0,82.31824928263167,89.20689655172414,28.934010152284262,2.5,0.0032417867775933473,-1.0948275862068897,0.5076142131979644,0.12778352912378366,0.166068331371682,40,232,197,57,npo_KL_sentencize_s=True_lr=3e-05_lambda=0.1_rs=1001_pos=True_ff2=True.out,lambda/results/lambda=0.1/openbook/LLaMA-3-3B/npo_KL_sentencize_s=True_lr=3e-05_lambda=0.1_rs=1001_pos=True_ff2=True.out
0.3,LLaMA-3-3B,openbook,65.0,82.32033418126815,89.59482758620689,28.934010152284262,2.5,0.005326685414075882,-0.7068965517241423,0.5076142131979644,0.1278583851436304,0.16533961335638866,40,232,197,57,npo_KL_sentencize_s=True_lr=3e-05_lambda=0.3_rs=1001_pos=True_ff2=True.out,lambda/results/lambda=0.3/openbook/LLaMA-3-3B/npo_KL_sentencize_s=True_lr=3e-05_lambda=0.3_rs=1001_pos=True_ff2=True.out
1.0,LLaMA-3-3B,openbook,62.5,82.31500749585408,90.30172413793103,28.426395939086298,0.0,0.0,0.0,0.0,0.1276739652164067,0.16386689944530666,40,232,197,56,npo_KL_sentencize_s=True_lr=3e-05_lambda=1.0_rs=1001_pos=True_ff2=True.out,lambda/results/lambda=1.0/openbook/LLaMA-3-3B/npo_KL_sentencize_s=True_lr=3e-05_lambda=1.0_rs=1001_pos=True_ff2=True.out
3.0,LLaMA-3-3B,openbook,62.5,82.30388548804561,91.0603448275862,28.426395939086298,0.0,-0.01112200780846706,0.7586206896551744,0.0,0.12669326047662277,0.16112618422845004,40,232,197,56,npo_KL_sentencize_s=True_lr=3e-05_lambda=3.0_rs=1001_pos=True_ff2=True.out,lambda/results/lambda=3.0/openbook/LLaMA-3-3B/npo_KL_sentencize_s=True_lr=3e-05_lambda=3.0_rs=1001_pos=True_ff2=True.out
10.0,LLaMA-3-3B,openbook,60.0,82.19938318944018,91.9396551724138,26.903553299492383,-2.5,-0.11562430641389199,1.6379310344827616,-1.5228426395939145,0.12542449992754373,0.1557800605282739,40,232,197,53,npo_KL_sentencize_s=True_lr=3e-05_lambda=10.0_rs=1001_pos=True_ff2=True.out,lambda/results/lambda=10.0/openbook/LLaMA-3-3B/npo_KL_sentencize_s=True_lr=3e-05_lambda=10.0_rs=1001_pos=True_ff2=True.out
0.0,LLaMA-3-3B,sqa,67.5,82.91137835976966,92.14285714285714,31.67701863354037,0.0,-0.0012169757303865936,-0.142857142857153,0.621118012422361,0.1222163209848022,0.1571078519997224,40,210,161,51,npo_KL_sentencize_s=True_lr=3e-05_lambda=0.0_rs=1001_pos=True_ff2=True.out,lambda/results/lambda=0.0/sqa/LLaMA-3-3B/npo_KL_sentencize_s=True_lr=3e-05_lambda=0.0_rs=1001_pos=True_ff2=True.out
0.1,LLaMA-3-3B,sqa,67.5,82.91312224885803,92.22857142857143,32.298136645962735,0.0,0.0005269133579872687,-0.057142857142864045,1.2422360248447255,0.12235434360504202,0.15664705178537142,40,210,161,52,npo_KL_sentencize_s=True_lr=3e-05_lambda=0.1_rs=1001_pos=True_ff2=True.out,lambda/results/lambda=0.1/sqa/LLaMA-3-3B/npo_KL_sentencize_s=True_lr=3e-05_lambda=0.1_rs=1001_pos=True_ff2=True.out
0.3,LLaMA-3-3B,sqa,67.5,82.9121756915226,92.17142857142858,31.67701863354037,0.0,-0.0004196439774375449,-0.11428571428571388,0.621118012422361,0.12091448693485195,0.15472021445086206,40,210,161,51,npo_KL_sentencize_s=True_lr=3e-05_lambda=0.3_rs=1001_pos=True_ff2=True.out,lambda/results/lambda=0.3/sqa/LLaMA-3-3B/npo_KL_sentencize_s=True_lr=3e-05_lambda=0.3_rs=1001_pos=True_ff2=True.out
1.0,LLaMA-3-3B,sqa,67.5,82.91259533550004,92.28571428571429,31.05590062111801,0.0,0.0,0.0,0.0,0.11950860635184275,0.15395121853888571,40,210,161,50,npo_KL_sentencize_s=True_lr=3e-05_lambda=1.0_rs=1001_pos=True_ff2=True.out,lambda/results/lambda=1.0/sqa/LLaMA-3-3B/npo_KL_sentencize_s=True_lr=3e-05_lambda=1.0_rs=1001_pos=True_ff2=True.out
3.0,LLaMA-3-3B,sqa,67.5,82.90845740647782,92.41904761904762,30.434782608695656,0.0,-0.0041379290222209875,0.13333333333332575,-0.6211180124223539,0.11697520803563909,0.1489801410399119,40,210,161,49,npo_KL_sentencize_s=True_lr=3e-05_lambda=3.0_rs=1001_pos=True_ff2=True.out,lambda/results/lambda=3.0/sqa/LLaMA-3-3B/npo_KL_sentencize_s=True_lr=3e-05_lambda=3.0_rs=1001_pos=True_ff2=True.out
10.0,LLaMA-3-3B,sqa,62.5,82.91035309032338,92.15238095238095,30.434782608695656,-5.0,-0.0022422451766601625,-0.13333333333333997,-0.6211180124223539,0.11421467106820787,0.14420805840873085,40,210,161,49,npo_KL_sentencize_s=True_lr=3e-05_lambda=10.0_rs=1001_pos=True_ff2=True.out,lambda/results/lambda=10.0/sqa/LLaMA-3-3B/npo_KL_sentencize_s=True_lr=3e-05_lambda=10.0_rs=1001_pos=True_ff2=True.out
0.0,Phi-3,openbook,40.0,82.84883601177815,93.86046511627907,13.375796178343949,5.0,1.7236035887435719e-06,-0.7093023255813904,1.273885350318471,0.08981275719165346,0.1064393218910584,40,172,157,21,npo_KL_sentencize_s=True_lr=0.0001_lambda=0.0_rs=1001_pos=True_ff2=True.out,lambda/results/lambda=0.0/openbook/Phi-3/npo_KL_sentencize_s=True_lr=0.0001_lambda=0.0_rs=1001_pos=True_ff2=True.out
0.1,Phi-3,openbook,37.5,82.84883570840698,94.1046511627907,12.738853503184714,2.5,1.4202324223333562e-06,-0.46511627906976116,0.6369426751592364,0.08945097111854053,0.10624418978367371,40,172,157,20,npo_KL_sentencize_s=True_lr=0.0001_lambda=0.1_rs=1001_pos=True_ff2=True.out,lambda/results/lambda=0.1/openbook/Phi-3/npo_KL_sentencize_s=True_lr=0.0001_lambda=0.1_rs=1001_pos=True_ff2=True.out
0.3,Phi-3,openbook,35.0,82.84883357168478,94.3953488372093,12.101910828025478,0.0,-7.164897795064462e-07,-0.17441860465116577,0.0,0.08895291820015366,0.1043361914035311,40,172,157,19,npo_KL_sentencize_s=True_lr=0.0001_lambda=0.3_rs=1001_pos=True_ff2=True.out,lambda/results/lambda=0.3/openbook/Phi-3/npo_KL_sentencize_s=True_lr=0.0001_lambda=0.3_rs=1001_pos=True_ff2=True.out
1.0,Phi-3,openbook,35.0,82.84883428817456,94.56976744186046,12.101910828025478,0.0,0.0,0.0,0.0,0.08900535663325061,0.10441952001088332,40,172,157,19,npo_KL_sentencize_s=True_lr=0.0001_lambda=1.0_rs=1001_pos=True_ff2=True.out,lambda/results/lambda=1.0/openbook/Phi-3/npo_KL_sentencize_s=True_lr=0.0001_lambda=1.0_rs=1001_pos=True_ff2=True.out
3.0,Phi-3,openbook,37.5,82.84883190761899,94.94186046511628,12.738853503184714,2.5,-2.3805555713352078e-06,0.3720930232558146,0.6369426751592364,0.09068338196696411,0.10676980796014081,40,172,157,20,npo_KL_sentencize_s=True_lr=0.0001_lambda=3.0_rs=1001_pos=True_ff2=True.out,lambda/results/lambda=3.0/openbook/Phi-3/npo_KL_sentencize_s=True_lr=0.0001_lambda=3.0_rs=1001_pos=True_ff2=True.out
10.0,Phi-3,openbook,37.5,82.84876443581074,94.69767441860465,12.738853503184714,2.5,-6.985236382206494e-05,0.12790697674418539,0.6369426751592364,0.09569859068797874,0.11390234420066545,40,172,157,20,npo_KL_sentencize_s=True_lr=0.0001_lambda=10.0_rs=1001_pos=True_ff2=True.out,lambda/results/lambda=10.0/openbook/Phi-3/npo_KL_sentencize_s=True_lr=0.0001_lambda=10.0_rs=1001_pos=True_ff2=True.out
0.0,Phi-3,sqa,25.0,81.64386573171983,96.8,10.714285714285714,0.0,-0.0035609054849885524,-0.38823529411764923,-1.4285714285714288,0.03415934585443893,0.04910846184110991,40,170,140,15,npo_KL_sentencize_s=True_lr=5e-05_lambda=0.0_rs=1001_pos=True_ff2=True.out,lambda/results/lambda=0.0/sqa/Phi-3/npo_KL_sentencize_s=True_lr=5e-05_lambda=0.0_rs=1001_pos=True_ff2=True.out
0.1,Phi-3,sqa,25.0,81.43674012680376,96.85882352941177,11.428571428571429,0.0,-0.2106865104010609,-0.3294117647058812,-0.7142857142857135,0.034769520164614334,0.04838435557876459,40,170,140,16,npo_KL_sentencize_s=True_lr=5e-05_lambda=0.1_rs=1001_pos=True_ff2=True.out,lambda/results/lambda=0.1/sqa/Phi-3/npo_KL_sentencize_s=True_lr=5e-05_lambda=0.1_rs=1001_pos=True_ff2=True.out
0.3,Phi-3,sqa,25.0,81.75691834568735,96.88235294117646,12.142857142857142,0.0,0.10949170848253686,-0.3058823529411825,0.0,0.035283531565917604,0.05008818065352551,40,170,140,17,npo_KL_sentencize_s=True_lr=5e-05_lambda=0.3_rs=1001_pos=True_ff2=True.out,lambda/results/lambda=0.3/sqa/Phi-3/npo_KL_sentencize_s=True_lr=5e-05_lambda=0.3_rs=1001_pos=True_ff2=True.out
1.0,Phi-3,sqa,25.0,81.64742663720482,97.18823529411765,12.142857142857142,0.0,0.0,0.0,0.0,0.03541095546041402,0.04864702452100335,40,170,140,17,npo_KL_sentencize_s=True_lr=5e-05_lambda=1.0_rs=1001_pos=True_ff2=True.out,lambda/results/lambda=1.0/sqa/Phi-3/npo_KL_sentencize_s=True_lr=5e-05_lambda=1.0_rs=1001_pos=True_ff2=True.out
3.0,Phi-3,sqa,25.0,81.13060570909077,97.51764705882353,12.142857142857142,0.0,-0.5168209281140435,0.3294117647058812,0.0,0.0362344730244404,0.04986608421245643,40,170,140,17,npo_KL_sentencize_s=True_lr=5e-05_lambda=3.0_rs=1001_pos=True_ff2=True.out,lambda/results/lambda=3.0/sqa/Phi-3/npo_KL_sentencize_s=True_lr=5e-05_lambda=3.0_rs=1001_pos=True_ff2=True.out
10.0,Phi-3,sqa,25.0,80.38903755545442,97.96470588235294,12.142857142857142,0.0,-1.2583890817503942,0.7764705882352985,0.0,0.04046118856072193,0.054076689357945976,40,170,140,17,npo_KL_sentencize_s=True_lr=5e-05_lambda=10.0_rs=1001_pos=True_ff2=True.out,lambda/results/lambda=10.0/sqa/Phi-3/npo_KL_sentencize_s=True_lr=5e-05_lambda=10.0_rs=1001_pos=True_ff2=True.out
